physical_page,printed_page,chapter_or_region,dpi_reviewed,page_specific_content,clipping,overlap,left_margin_intrusion,right_margin_intrusion,top_margin_intrusion,bottom_margin_intrusion,table_readability,caption_attachment,figure_layout,heading_layout,paragraph_spacing,rtl_ltr_quality,unintended_blank_page,warning_ids_on_page,required_action,page_specific_notes
1,unprinted/front matter,Abstract,300,Abstract: ‫‪i‬‬ [Hebrew/RTL],NO,NO,NO,NO,NO,NO,N/A,N/A,N/A,PASS,PASS,PASS,NO,OVERFULL-01; OVERFULL-02,NONE,Individually rendered and inspected at 300 DPI. Abstract: ‫‪i‬‬ [Hebrew/RTL] Warning localization: OVERFULL-01; OVERFULL-02.
2,ii,Abstract,300,Abstract: Abstract [prose/list],NO,NO,NO,NO,NO,NO,N/A,N/A,N/A,PASS,PASS,PASS,NO,OVERFULL-03,NONE,Individually rendered and inspected at 300 DPI. Abstract: Abstract [prose/list] Warning localization: OVERFULL-03.
3,iii,Keywords,300,Keywords: Keywords [Hebrew/RTL],NO,NO,NO,NO,NO,NO,N/A,N/A,N/A,PASS,PASS,PASS,NO,None,NONE,Individually rendered and inspected at 300 DPI. Keywords: Keywords [Hebrew/RTL] Warning localization: None.
4,iv,Table of contents,300,Table of contents: Contents [Hebrew/RTL],NO,NO,NO,NO,NO,NO,N/A,N/A,N/A,PASS,PASS,PASS,NO,None,NONE,Individually rendered and inspected at 300 DPI. Table of contents: Contents [Hebrew/RTL] Warning localization: None.
5,v,Front matter or transition,300,"Front matter or transition: 2.4 Causal Diagrams, Identification, HTE, Overlap, and Sensitivity . . . . . . . . . 15 [prose/list]",NO,NO,NO,NO,NO,NO,N/A,N/A,N/A,PASS,PASS,PASS,NO,None,NONE,"Individually rendered and inspected at 300 DPI. Front matter or transition: 2.4 Causal Diagrams, Identification, HTE, Overlap, and Sensitivity . . . . . . . . . 15 [prose/list] Warning localization: None."
6,vi,Front matter or transition,300,Front matter or transition: 9 Experimental Design 60 [prose/list],NO,NO,NO,NO,NO,NO,N/A,N/A,N/A,PASS,PASS,PASS,NO,None,NONE,Individually rendered and inspected at 300 DPI. Front matter or transition: 9 Experimental Design 60 [prose/list] Warning localization: None.
7,vii,Bibliography,300,Bibliography: 12.4 Future Work . . . . . . . . . . . . . . . . . . . . . . . . . . . . . . . . . . . . . 91 [prose/list],NO,NO,NO,NO,NO,NO,N/A,N/A,N/A,PASS,PASS,PASS,NO,None,NONE,Individually rendered and inspected at 300 DPI. Bibliography: 12.4 Future Work . . . . . . . . . . . . . . . . . . . . . . . . . . . . . . . . . . . . . 91 [prose/list] Warning localization: None.
8,viii,Abbreviations,300,Abbreviations: Abbreviations [prose/list],NO,NO,NO,NO,NO,NO,N/A,N/A,N/A,PASS,PASS,PASS,NO,None,NONE,Individually rendered and inspected at 300 DPI. Abbreviations: Abbreviations [prose/list] Warning localization: None.
9,ix,Notation and symbols,300,Notation and symbols: Notation and Symbols [prose/list],NO,NO,NO,NO,NO,NO,N/A,N/A,N/A,PASS,PASS,PASS,NO,None,NONE,Individually rendered and inspected at 300 DPI. Notation and symbols: Notation and Symbols [prose/list] Warning localization: None.
10,x,List of figures,300,List of figures: x [prose/list],NO,NO,NO,NO,NO,NO,N/A,N/A,N/A,PASS,PASS,PASS,NO,None,NONE,Individually rendered and inspected at 300 DPI. List of figures: x [prose/list] Warning localization: None.
11,xi,List of tables,300,List of tables: xi [prose/list],NO,NO,NO,NO,NO,NO,N/A,N/A,N/A,PASS,PASS,PASS,NO,None,NONE,Individually rendered and inspected at 300 DPI. List of tables: xi [prose/list] Warning localization: None.
12,xii,Front matter or transition,300,Front matter or transition: xii [equation/notation],NO,NO,NO,NO,NO,NO,N/A,N/A,N/A,PASS,PASS,PASS,NO,OVERFULL-04,NONE,Individually rendered and inspected at 300 DPI. Front matter or transition: xii [equation/notation] Warning localization: OVERFULL-04.
13,1,Chapter 1,300,Chapter 1: Chapter 1 [prose/list],NO,NO,NO,NO,NO,NO,N/A,N/A,N/A,PASS,PASS,PASS,NO,None,NONE,Individually rendered and inspected at 300 DPI. Chapter 1: Chapter 1 [prose/list] Warning localization: None.
14,2,Front matter or transition,300,"Front matter or transition: a predictive representation, but it does not by itself remove the interpretive consequences of the [prose/list]",NO,NO,NO,NO,NO,NO,N/A,N/A,N/A,PASS,PASS,PASS,NO,None,NONE,"Individually rendered and inspected at 300 DPI. Front matter or transition: a predictive representation, but it does not by itself remove the interpretive consequences of the [prose/list] Warning localization: None."
15,3,Front matter or transition,300,Front matter or transition: uses the datasets to test a shared methodological sequence while preserving dataset-specific [prose/list],NO,NO,NO,NO,NO,NO,N/A,N/A,N/A,PASS,PASS,PASS,NO,None,NONE,Individually rendered and inspected at 300 DPI. Front matter or transition: uses the datasets to test a shared methodological sequence while preserving dataset-specific [prose/list] Warning localization: None.
16,4,Front matter or transition,300,Front matter or transition: tion; project-specified DAGs; exposure-specific adjustment; matching and heterogeneous-effect [prose/list],NO,NO,NO,NO,NO,NO,N/A,N/A,N/A,PASS,PASS,PASS,NO,None,NONE,Individually rendered and inspected at 300 DPI. Front matter or transition: tion; project-specified DAGs; exposure-specific adjustment; matching and heterogeneous-effect [prose/list] Warning localization: None.
17,5,Front matter or transition,300,Front matter or transition: How can irregular ICU time-series data be converted into clinically interpretable [prose/list],NO,NO,NO,NO,NO,NO,N/A,N/A,N/A,PASS,PASS,PASS,NO,None,NONE,Individually rendered and inspected at 300 DPI. Front matter or transition: How can irregular ICU time-series data be converted into clinically interpretable [prose/list] Warning localization: None.
18,6,Front matter or transition,300,Front matter or transition: The empirical contribution is a checked comparison of four learned prediction models across [table],NO,NO,NO,NO,NO,NO,PASS,PASS,N/A,PASS,PASS,PASS,NO,None,NONE,Individually rendered and inspected at 300 DPI. Front matter or transition: The empirical contribution is a checked comparison of four learned prediction models across [table] Warning localization: None.
19,7,Chapter 2,300,Chapter 2: The completed empirical record provides a concise orientation for the chapters that fol- [prose/list],NO,NO,NO,NO,NO,NO,N/A,N/A,N/A,PASS,PASS,PASS,NO,None,NONE,Individually rendered and inspected at 300 DPI. Chapter 2: The completed empirical record provides a concise orientation for the chapters that fol- [prose/list] Warning localization: None.
20,8,Chapter 2,300,Chapter 2: Chapter 2 [prose/list],NO,NO,NO,NO,NO,NO,N/A,N/A,N/A,PASS,PASS,PASS,NO,None,NONE,Individually rendered and inspected at 300 DPI. Chapter 2: Chapter 2 [prose/list] Warning localization: None.
21,9,Chapter 4,300,"Chapter 4: pattern may contain predictive information [2, 4]. It would nevertheless be too strong to treat [prose/list]",NO,NO,NO,NO,NO,NO,N/A,N/A,N/A,PASS,PASS,PASS,NO,None,NONE,"Individually rendered and inspected at 300 DPI. Chapter 4: pattern may contain predictive information [2, 4]. It would nevertheless be too strong to treat [prose/list] Warning localization: None."
22,10,Front matter or transition,300,Front matter or transition: an extended data era. It was made available to qualified researchers subject to training and [table],NO,NO,NO,NO,NO,NO,PASS,PASS,N/A,PASS,PASS,PASS,NO,None,NONE,Individually rendered and inspected at 300 DPI. Front matter or transition: an extended data era. It was made available to qualified researchers subject to training and [table] Warning localization: None.
23,11,Front matter or transition,300,Front matter or transition: 2.2 Irregular Time-Series Representation Models [prose/list],NO,NO,NO,NO,NO,NO,N/A,N/A,N/A,PASS,PASS,PASS,NO,None,NONE,Individually rendered and inspected at 300 DPI. Front matter or transition: 2.2 Irregular Time-Series Representation Models [prose/list] Warning localization: None.
24,12,Chapter 6,300,Chapter 6: 2.2.3 Temporal convolution: TCN [table],NO,NO,NO,NO,NO,NO,PASS,PASS,N/A,PASS,PASS,PASS,NO,None,NONE,Individually rendered and inspected at 300 DPI. Chapter 6: 2.2.3 Temporal convolution: TCN [table] Warning localization: None.
26,14,Front matter or transition,300,Front matter or transition: Transparency is not equivalence to clinical truth. Thresholds can be sensitive to units and [prose/list],NO,NO,NO,NO,NO,NO,N/A,N/A,N/A,PASS,PASS,PASS,NO,None,NONE,Individually rendered and inspected at 300 DPI. Front matter or transition: Transparency is not equivalence to clinical truth. Thresholds can be sensitive to units and [prose/list] Warning localization: None.
27,15,Front matter or transition,300,Front matter or transition: clinical consensus; correlated voters trained on the same rule-derived labels can preserve or [prose/list],NO,NO,NO,NO,NO,NO,N/A,N/A,N/A,PASS,PASS,PASS,NO,None,NONE,Individually rendered and inspected at 300 DPI. Front matter or transition: clinical consensus; correlated voters trained on the same rule-derived labels can preserve or [prose/list] Warning localization: None.
28,16,Chapter 7,300,Chapter 7: The exposure must also correspond to a suﬀiciently well-defined intervention or contrast. [prose/list],NO,NO,NO,NO,NO,NO,N/A,N/A,N/A,PASS,PASS,PASS,NO,None,NONE,Individually rendered and inspected at 300 DPI. Chapter 7: The exposure must also correspond to a suﬀiciently well-defined intervention or contrast. [prose/list] Warning localization: None.
29,17,Front matter or transition,300,Front matter or transition: rotates training and evaluation folds so observations can contribute eﬀiciently without using the [prose/list],NO,NO,NO,NO,NO,NO,N/A,N/A,N/A,PASS,PASS,PASS,NO,None,NONE,Individually rendered and inspected at 300 DPI. Front matter or transition: rotates training and evaluation folds so observations can contribute eﬀiciently without using the [prose/list] Warning localization: None.
30,18,Front matter or transition,300,"Front matter or transition: Critical-care populations add marked variation in baseline risk, disease mechanisms, and com- [prose/list]",NO,NO,NO,NO,NO,NO,N/A,N/A,N/A,PASS,PASS,PASS,NO,None,NONE,"Individually rendered and inspected at 300 DPI. Front matter or transition: Critical-care populations add marked variation in baseline risk, disease mechanisms, and com- [prose/list] Warning localization: None."
31,19,Front matter or transition,300,Front matter or transition: specified departures from an identifying assumption. [prose/list],NO,NO,NO,NO,NO,NO,N/A,N/A,N/A,PASS,PASS,PASS,NO,None,NONE,Individually rendered and inspected at 300 DPI. Front matter or transition: specified departures from an identifying assumption. [prose/list] Warning localization: None.
32,20,Chapter 3,300,Chapter 3: Chapter 3 [equation/notation],NO,NO,NO,NO,NO,NO,N/A,N/A,N/A,PASS,PASS,PASS,NO,None,NONE,Individually rendered and inspected at 300 DPI. Chapter 3: Chapter 3 [equation/notation] Warning localization: None.
33,21,Front matter or transition,300,Front matter or transition: distinct split-aware artifact and must not be conflated with this causal contract. [equation/notation],NO,NO,NO,NO,NO,NO,N/A,N/A,N/A,PASS,PASS,PASS,NO,None,NONE,Individually rendered and inspected at 300 DPI. Front matter or transition: distinct split-aware artifact and must not be conflated with this causal contract. [equation/notation] Warning localization: None.
34,22,Chapter 1,300,Chapter 1: included LLM-assisted clinical and causal elicitation and were then encoded in source code; [prose/list],NO,NO,NO,NO,NO,NO,N/A,N/A,N/A,PASS,PASS,PASS,NO,None,NONE,Individually rendered and inspected at 300 DPI. Chapter 1: included LLM-assisted clinical and causal elicitation and were then encoded in source code; [prose/list] Warning localization: None.
35,23,Chapter 4,300,Chapter 4: Chapter 4 [prose/list],NO,NO,NO,NO,NO,NO,N/A,N/A,N/A,PASS,PASS,PASS,NO,None,NONE,Individually rendered and inspected at 300 DPI. Chapter 4: Chapter 4 [prose/list] Warning localization: None.
36,24,Front matter or transition,300,"Front matter or transition: it transforms raw ICU events into stay-level time-series examples suitable for prediction, while [prose/list]",NO,NO,NO,NO,NO,NO,N/A,N/A,N/A,PASS,PASS,PASS,NO,None,NONE,"Individually rendered and inspected at 300 DPI. Front matter or transition: it transforms raw ICU events into stay-level time-series examples suitable for prediction, while [prose/list] Warning localization: None."
37,25,Front matter or transition,300,Front matter or transition: uses all non-ts_id columns in the latent CSV as proxy-label targets. The mortality column [table],NO,NO,NO,NO,NO,NO,PASS,PASS,N/A,PASS,PASS,PASS,NO,None,NONE,Individually rendered and inspected at 300 DPI. Front matter or transition: uses all non-ts_id columns in the latent CSV as proxy-label targets. The mortality column [table] Warning localization: None.
38,26,Chapter 5,300,Chapter 5: Chapter 5 [prose/list],NO,NO,NO,NO,NO,NO,N/A,N/A,N/A,PASS,PASS,PASS,NO,None,NONE,Individually rendered and inspected at 300 DPI. Chapter 5: Chapter 5 [prose/list] Warning localization: None.
39,27,Front matter or transition,300,"Front matter or transition: umn names when identifying artifacts, configuration fields, prediction targets, and downstream [prose/list]",NO,NO,NO,NO,NO,NO,N/A,N/A,N/A,PASS,PASS,PASS,NO,OVERFULL-05; OVERFULL-06,NONE,"Individually rendered and inspected at 300 DPI. Front matter or transition: umn names when identifying artifacts, configuration fields, prediction targets, and downstream [prose/list] Warning localization: OVERFULL-05; OVERFULL-06."
40,28,Front matter or transition,300,Front matter or transition: Table 5.1: Prompt and document artifacts used as design provenance for proxy-state and DAG [table],NO,NO,NO,NO,NO,NO,PASS,PASS,N/A,PASS,PASS,PASS,NO,None,NONE,Individually rendered and inspected at 300 DPI. Front matter or transition: Table 5.1: Prompt and document artifacts used as design provenance for proxy-state and DAG [table] Warning localization: None.
41,29,Front matter or transition,300,Front matter or transition: 5.2 PhysioNet Proxy-State Rules [table],NO,NO,NO,NO,NO,NO,PASS,PASS,N/A,PASS,PASS,PASS,NO,OVERFULL-07; OVERFULL-08; OVERFULL-09; OVERFULL-10; OVERFULL-11,NONE,Individually rendered and inspected at 300 DPI. Front matter or transition: 5.2 PhysioNet Proxy-State Rules [table] Warning localization: OVERFULL-07; OVERFULL-08; OVERFULL-09; OVERFULL-10; OVERFULL-11.
42,30,Front matter or transition,300,Front matter or transition: Proxy-state column Construct repre- Input measurements and ag- Rule structure or threshold fam- Grounding [prose/list],NO,NO,NO,NO,NO,NO,N/A,N/A,N/A,PASS,PASS,PASS,NO,None,NONE,Individually rendered and inspected at 300 DPI. Front matter or transition: Proxy-state column Construct repre- Input measurements and ag- Rule structure or threshold fam- Grounding [prose/list] Warning localization: None.
43,31,Front matter or transition,300,Front matter or transition: Proxy-state column Construct repre- Input measurements and ag- Rule structure or threshold fam- Grounding [table],NO,NO,NO,NO,NO,NO,PASS,PASS,N/A,PASS,PASS,PASS,NO,None,NONE,Individually rendered and inspected at 300 DPI. Front matter or transition: Proxy-state column Construct repre- Input measurements and ag- Rule structure or threshold fam- Grounding [table] Warning localization: None.
44,32,Front matter or transition,300,"Front matter or transition: The MIMIC archive header matches this set. Compared with PhysioNet, MIMIC uses a chronic- [table]",NO,NO,NO,NO,NO,NO,PASS,PASS,N/A,PASS,PASS,PASS,NO,None,NONE,"Individually rendered and inspected at 300 DPI. Front matter or transition: The MIMIC archive header matches this set. Compared with PhysioNet, MIMIC uses a chronic- [table] Warning localization: None."
45,33,Front matter or transition,300,Front matter or transition: Proxy-state column Construct repre- Input measurements and ag- Rule structure or threshold fam- Grounding [prose/list],NO,NO,NO,NO,NO,NO,N/A,N/A,N/A,PASS,PASS,PASS,NO,None,NONE,Individually rendered and inspected at 300 DPI. Front matter or transition: Proxy-state column Construct repre- Input measurements and ag- Rule structure or threshold fam- Grounding [prose/list] Warning localization: None.
46,34,Chapter 6,300,Chapter 6: Proxy-state column Construct repre- Input measurements and ag- Rule structure or threshold fam- Grounding [prose/list],NO,NO,NO,NO,NO,NO,N/A,N/A,N/A,PASS,PASS,PASS,NO,OVERFULL-12,NONE,Individually rendered and inspected at 300 DPI. Chapter 6: Proxy-state column Construct repre- Input measurements and ag- Rule structure or threshold fam- Grounding [prose/list] Warning localization: OVERFULL-12.
47,35,Front matter or transition,300,"Front matter or transition: The active majority-vote script discovers non-hidden .csv files in the input voter directory, [equation/notation]",NO,NO,NO,NO,NO,NO,N/A,N/A,N/A,PASS,PASS,PASS,NO,None,NONE,"Individually rendered and inspected at 300 DPI. Front matter or transition: The active majority-vote script discovers non-hidden .csv files in the input voter directory, [equation/notation] Warning localization: None."
48,36,Chapter 6,300,Chapter 6: Chapter 6 [prose/list],NO,NO,NO,NO,NO,NO,N/A,N/A,N/A,PASS,PASS,PASS,NO,None,NONE,Individually rendered and inspected at 300 DPI. Chapter 6: Chapter 6 [prose/list] Warning localization: None.
49,37,Front matter or transition,300,Front matter or transition: test identifiers before constructing unsupervised examples. It builds the variable vocabulary [prose/list],NO,NO,NO,NO,NO,NO,N/A,N/A,N/A,PASS,PASS,PASS,NO,None,NONE,Individually rendered and inspected at 300 DPI. Front matter or transition: test identifiers before constructing unsupervised examples. It builds the variable vocabulary [prose/list] Warning localization: None.
50,38,Front matter or transition,300,Front matter or transition: All supervised backends share a multi-label output contract. During training the model [prose/list],NO,NO,NO,NO,NO,NO,N/A,N/A,N/A,PASS,PASS,PASS,NO,None,NONE,Individually rendered and inspected at 300 DPI. Front matter or transition: All supervised backends share a multi-label output contract. During training the model [prose/list] Warning localization: None.
51,39,Front matter or transition,300,Front matter or transition: Table 6.1: Implemented predictive model families and non- [table],NO,NO,NO,NO,NO,NO,PASS,PASS,N/A,PASS,PASS,PASS,NO,None,NONE,Individually rendered and inspected at 300 DPI. Front matter or transition: Table 6.1: Implemented predictive model families and non- [table] Warning localization: None.
52,40,Front matter or transition,300,Front matter or transition: maximum value of the pointwise minimum of precision and recall. The reported split-level [table ; equation/notation],NO,NO,NO,NO,NO,NO,PASS,PASS,N/A,PASS,PASS,PASS,NO,None,NONE,Individually rendered and inspected at 300 DPI. Front matter or transition: maximum value of the pointwise minimum of precision and recall. The reported split-level [table ; equation/notation] Warning localization: None.
53,41,Chapter 5,300,Chapter 5: The combined prediction CSV is not the same file shape required by downstream voter [prose/list],NO,NO,NO,NO,NO,NO,N/A,N/A,N/A,PASS,PASS,PASS,NO,None,NONE,Individually rendered and inspected at 300 DPI. Chapter 5: The combined prediction CSV is not the same file shape required by downstream voter [prose/list] Warning localization: None.
54,42,Chapter 7,300,Chapter 7: Chapter 7 [prose/list],NO,NO,NO,NO,NO,NO,N/A,N/A,N/A,PASS,PASS,PASS,NO,OVERFULL-13,NONE,Individually rendered and inspected at 300 DPI. Chapter 7: Chapter 7 [prose/list] Warning localization: OVERFULL-13.
55,43,Front matter or transition,300,Front matter or transition: Figure 7.1: Project-specified PhysioNet 2012 DAG used by the causal pipeline. The figure is a [figure],NO,NO,NO,NO,NO,NO,N/A,PASS,PASS,PASS,PASS,PASS,NO,None,NONE,Individually rendered and inspected at 300 DPI. Front matter or transition: Figure 7.1: Project-specified PhysioNet 2012 DAG used by the causal pipeline. The figure is a [figure] Warning localization: None.
56,44,Front matter or transition,300,Front matter or transition: Figure 7.2: Project-specified MIMIC-III DAG used by the causal pipeline. The figure is a [figure],NO,NO,NO,NO,NO,NO,N/A,PASS,PASS,PASS,PASS,PASS,NO,None,NONE,Individually rendered and inspected at 300 DPI. Front matter or transition: Figure 7.2: Project-specified MIMIC-III DAG used by the causal pipeline. The figure is a [figure] Warning localization: None.
57,45,Front matter or transition,300,Front matter or transition: Table 7.1: Implemented DAG node families used by the [table],NO,NO,NO,NO,NO,NO,PASS,PASS,N/A,PASS,PASS,PASS,NO,None,NONE,Individually rendered and inspected at 300 DPI. Front matter or transition: Table 7.1: Implemented DAG node families used by the [table] Warning localization: None.
58,46,Front matter or transition,300,Front matter or transition: family role in graph PhysioNet 2012 implemen- MIMIC-III implementation [prose/list],NO,NO,NO,NO,NO,NO,N/A,N/A,N/A,PASS,PASS,PASS,NO,None,NONE,Individually rendered and inspected at 300 DPI. Front matter or transition: family role in graph PhysioNet 2012 implemen- MIMIC-III implementation [prose/list] Warning localization: None.
59,47,Front matter or transition,300,Front matter or transition: are not fully recovered. [equation/notation],NO,NO,NO,NO,NO,NO,N/A,N/A,N/A,PASS,PASS,PASS,NO,None,NONE,Individually rendered and inspected at 300 DPI. Front matter or transition: are not fully recovered. [equation/notation] Warning localization: None.
60,48,Front matter or transition,300,Front matter or transition: Table 7.2: Implemented adjustment-set logic and thesis [table],NO,NO,NO,NO,NO,NO,PASS,PASS,N/A,PASS,PASS,PASS,NO,None,NONE,Individually rendered and inspected at 300 DPI. Front matter or transition: Table 7.2: Implemented adjustment-set logic and thesis [table] Warning localization: None.
61,49,Front matter or transition,300,Front matter or transition: Table 7.3: Causal assumptions required for interpreting [table],NO,NO,NO,NO,NO,NO,PASS,PASS,N/A,PASS,PASS,PASS,NO,None,NONE,Individually rendered and inspected at 300 DPI. Front matter or transition: Table 7.3: Causal assumptions required for interpreting [table] Warning localization: None.
62,50,Front matter or transition,300,Front matter or transition: assumption methodological require- repository support unresolved limitation [prose/list],NO,NO,NO,NO,NO,NO,N/A,N/A,N/A,PASS,PASS,PASS,NO,None,NONE,Individually rendered and inspected at 300 DPI. Front matter or transition: assumption methodological require- repository support unresolved limitation [prose/list] Warning localization: None.
63,51,Front matter or transition,300,Front matter or transition: 7.3 Matching and Heterogeneous-Effect Estimators [equation/notation],NO,NO,NO,NO,NO,NO,N/A,N/A,N/A,PASS,PASS,PASS,NO,None,NONE,Individually rendered and inspected at 300 DPI. Front matter or transition: 7.3 Matching and Heterogeneous-Effect Estimators [equation/notation] Warning localization: None.
64,52,Front matter or transition,300,Front matter or transition: and the matching summary reports the mean and standard deviation of these matched- [prose/list],NO,NO,NO,NO,NO,NO,N/A,N/A,N/A,PASS,PASS,PASS,NO,OVERFULL-14; OVERFULL-15,NONE,Individually rendered and inspected at 300 DPI. Front matter or transition: and the matching summary reports the mean and standard deviation of these matched- [prose/list] Warning localization: OVERFULL-14; OVERFULL-15.
65,53,Front matter or transition,300,Front matter or transition: Table 7.4: Implemented causal estimators and interpre- [table],NO,NO,NO,NO,NO,NO,PASS,PASS,N/A,PASS,PASS,PASS,NO,None,NONE,Individually rendered and inspected at 300 DPI. Front matter or transition: Table 7.4: Implemented causal estimators and interpre- [table] Warning localization: None.
66,54,Chapter 8,300,Chapter 8: Chapter 8 [prose/list],NO,NO,NO,NO,NO,NO,N/A,N/A,N/A,PASS,PASS,PASS,NO,None,NONE,Individually rendered and inspected at 300 DPI. Chapter 8: Chapter 8 [prose/list] Warning localization: None.
67,55,Chapter 10,300,"Chapter 10: and after matching, standardized mean differences, weighting effective sample sizes, treatment- [table]",NO,NO,NO,NO,NO,NO,PASS,PASS,N/A,PASS,PASS,PASS,NO,OVERFULL-16,NONE,"Individually rendered and inspected at 300 DPI. Chapter 10: and after matching, standardized mean differences, weighting effective sample sizes, treatment- [table] Warning localization: OVERFULL-16."
68,56,Chapter 8,300,Chapter 8: saved-artifact sensitivity evidence and the API-availability paragraph with exact typewriter identifiers [prose/list],NO,NO,NO,NO,NO,NO,N/A,N/A,N/A,PASS,PASS,PASS,NO,OVERFULL-17; OVERFULL-18; OVERFULL-19; OVERFULL-20; OVERFULL-21,NONE,Individually rendered and inspected at 300 DPI after the local identifier-break repair. The original right-margin intrusion is absent; the remaining 36.04349-pt TeX diagnostic has no visible clipping or intrusion.
69,57,Front matter or transition,300,Front matter or transition: Table 8.2: Sensitivity-diagnostic design and interpretation [table],NO,NO,NO,NO,NO,NO,PASS,PASS,N/A,PASS,PASS,PASS,NO,None,NONE,Individually rendered and inspected at 300 DPI. Front matter or transition: Table 8.2: Sensitivity-diagnostic design and interpretation [table] Warning localization: None.
70,58,Chapter 10,300,Chapter 10: Diagnostic Source stage Applicable Required saved Output form Interpretation [prose/list],NO,NO,NO,NO,NO,NO,N/A,N/A,N/A,PASS,PASS,PASS,NO,OVERFULL-22,NONE,Individually rendered and inspected at 300 DPI. Chapter 10: Diagnostic Source stage Applicable Required saved Output form Interpretation [prose/list] Warning localization: OVERFULL-22.
71,59,Front matter or transition,300,Front matter or transition: router tests additionally exercise command parsing and construction. The causal orchestrator [table],NO,NO,NO,NO,NO,NO,PASS,PASS,N/A,PASS,PASS,PASS,NO,None,NONE,Individually rendered and inspected at 300 DPI. Front matter or transition: router tests additionally exercise command parsing and construction. The causal orchestrator [table] Warning localization: None.
72,60,Chapter 9,300,Chapter 9: Chapter 9 [prose/list],NO,NO,NO,NO,NO,NO,N/A,N/A,N/A,PASS,PASS,PASS,NO,OVERFULL-23; OVERFULL-24; OVERFULL-25; OVERFULL-26; OVERFULL-27,NONE,Individually rendered and inspected at 300 DPI. Chapter 9: Chapter 9 [prose/list] Warning localization: OVERFULL-23; OVERFULL-24; OVERFULL-25; OVERFULL-26; OVERFULL-27.
73,61,Front matter or transition,300,Front matter or transition: Table 9.1: Predictive experimental matrix and artifact- [table],NO,NO,NO,NO,NO,NO,PASS,PASS,N/A,PASS,PASS,PASS,NO,OVERFULL-28,NONE,Individually rendered and inspected at 300 DPI. Front matter or transition: Table 9.1: Predictive experimental matrix and artifact- [table] Warning localization: OVERFULL-28.
74,62,Front matter or transition,300,"Front matter or transition: Outcome downsampling operates on mortality outcome classes, not exposure groups. It [table]",NO,NO,NO,NO,NO,NO,PASS,PASS,N/A,PASS,PASS,PASS,NO,OVERFULL-29; OVERFULL-30; OVERFULL-31; OVERFULL-32; OVERFULL-33; OVERFULL-34; OVERFULL-35,NONE,"Individually rendered and inspected at 300 DPI. Front matter or transition: Outcome downsampling operates on mortality outcome classes, not exposure groups. It [table] Warning localization: OVERFULL-29; OVERFULL-30; OVERFULL-31; OVERFULL-32; OVERFULL-33; OVERFULL-34; OVERFULL-35."
75,63,Front matter or transition,300,Front matter or transition: Dataset Estimator Sampling Graph Exposure Diagnostics Archived Configuration [prose/list],NO,NO,NO,NO,NO,NO,N/A,N/A,N/A,PASS,PASS,PASS,NO,None,NONE,Individually rendered and inspected at 300 DPI. Front matter or transition: Dataset Estimator Sampling Graph Exposure Diagnostics Archived Configuration [prose/list] Warning localization: None.
76,64,Front matter or transition,300,"Front matter or transition: source versions, environments, and archive-copy histories. Thus the records support traceabil- [table]",NO,NO,NO,NO,NO,NO,PASS,PASS,N/A,PASS,PASS,PASS,NO,OVERFULL-36; OVERFULL-37; OVERFULL-38; OVERFULL-39; OVERFULL-40; OVERFULL-41,NONE,"Individually rendered and inspected at 300 DPI. Front matter or transition: source versions, environments, and archive-copy histories. Thus the records support traceabil- [table] Warning localization: OVERFULL-36; OVERFULL-37; OVERFULL-38; OVERFULL-39; OVERFULL-40; OVERFULL-41."
77,65,Front matter or transition,300,Front matter or transition: ReproducibilityAvailable evi- Missing evidence Impact Required [table],NO,NO,NO,NO,NO,NO,PASS,PASS,N/A,PASS,PASS,PASS,NO,None,NONE,Individually rendered and inspected at 300 DPI. Front matter or transition: ReproducibilityAvailable evi- Missing evidence Impact Required [table] Warning localization: None.
78,66,Chapter 10,300,Chapter 10: Chapter 10 [table],NO,NO,NO,NO,NO,NO,PASS,PASS,N/A,PASS,PASS,PASS,NO,None,NONE,Individually rendered and inspected at 300 DPI. Chapter 10: Chapter 10 [table] Warning localization: None.
79,67,Front matter or transition,300,"Front matter or transition: led the same four archived metrics. Thus the leading family differed by dataset, although within [table ; figure]",NO,NO,NO,NO,NO,NO,PASS,PASS,PASS,PASS,PASS,PASS,NO,None,NONE,"Individually rendered and inspected at 300 DPI. Front matter or transition: led the same four archived metrics. Thus the leading family differed by dataset, although within [table ; figure] Warning localization: None."
80,68,Front matter or transition,300,Front matter or transition: Table 10.3: Primary original-cohort MIMIC-III CausalForestDML [table ; figure ; equation/notation],NO,NO,NO,NO,NO,NO,PASS,PASS,PASS,PASS,PASS,PASS,NO,None,NONE,Individually rendered and inspected at 300 DPI. Front matter or transition: Table 10.3: Primary original-cohort MIMIC-III CausalForestDML [table ; figure ; equation/notation] Warning localization: None.
81,69,Front matter or transition,300,Front matter or transition: Proxy-state exposure Prevalence Mean CATE Adjustment Status [table],NO,NO,NO,NO,NO,NO,PASS,PASS,N/A,PASS,PASS,PASS,NO,None,NONE,Individually rendered and inspected at 300 DPI. Front matter or transition: Proxy-state exposure Prevalence Mean CATE Adjustment Status [table] Warning localization: None.
82,70,Front matter or transition,300,Front matter or transition: Figure 10.1: Original-cohort MIMIC-III mean model-estimated CATE values from Causal- [figure],NO,NO,NO,NO,NO,NO,N/A,PASS,PASS,PASS,PASS,PASS,NO,None,NONE,Individually rendered and inspected at 300 DPI. Front matter or transition: Figure 10.1: Original-cohort MIMIC-III mean model-estimated CATE values from Causal- [figure] Warning localization: None.
83,71,Front matter or transition,300,Front matter or transition: Figure 10.2: Original-cohort PhysioNet mean model-estimated CATE values from Causal- [figure],NO,NO,NO,NO,NO,NO,N/A,PASS,PASS,PASS,PASS,PASS,NO,None,NONE,Individually rendered and inspected at 300 DPI. Front matter or transition: Figure 10.2: Original-cohort PhysioNet mean model-estimated CATE values from Causal- [figure] Warning localization: None.
84,72,Front matter or transition,300,Front matter or transition: Table 10.5: Original-cohort descriptive matching and empirical-support sum- [table],NO,NO,NO,NO,NO,NO,PASS,PASS,N/A,PASS,PASS,PASS,NO,None,NONE,Individually rendered and inspected at 300 DPI. Front matter or transition: Table 10.5: Original-cohort descriptive matching and empirical-support sum- [table] Warning localization: None.
85,73,Chapter 7,300,Chapter 7: estimator is unbiased. [table ; figure],NO,NO,NO,NO,NO,NO,PASS,PASS,PASS,PASS,PASS,PASS,NO,None,NONE,Individually rendered and inspected at 300 DPI. Chapter 7: estimator is unbiased. [table ; figure] Warning localization: None.
86,74,Chapter 11,300,Chapter 11: Dataset Proxy-state exposure CausalPFN Forest/Linear signs All three agree [prose/list],NO,NO,NO,NO,NO,NO,N/A,N/A,N/A,PASS,PASS,PASS,NO,OVERFULL-42; OVERFULL-43; OVERFULL-44,NONE,Individually rendered and inspected at 300 DPI. Chapter 11: Dataset Proxy-state exposure CausalPFN Forest/Linear signs All three agree [prose/list] Warning localization: OVERFULL-42; OVERFULL-43; OVERFULL-44.
87,75,Front matter or transition,300,"Front matter or transition: changed direction only for PhysioNet LAT_SHOCK, from 0.0041 to −0.0413. All 57 paired means [table]",NO,NO,NO,NO,NO,NO,PASS,PASS,N/A,PASS,PASS,PASS,NO,None,NONE,"Individually rendered and inspected at 300 DPI. Front matter or transition: changed direction only for PhysioNet LAT_SHOCK, from 0.0041 to −0.0413. All 57 paired means [table] Warning localization: None."
88,76,Front matter or transition,300,Front matter or transition: Dataset Estimator Sampling Matching Sensitivity Permutation [prose/list],NO,NO,NO,NO,NO,NO,N/A,N/A,N/A,PASS,PASS,PASS,NO,None,NONE,Individually rendered and inspected at 300 DPI. Front matter or transition: Dataset Estimator Sampling Matching Sensitivity Permutation [prose/list] Warning localization: None.
89,77,Front matter or transition,300,Front matter or transition: Figure 10.3: Directional concordance of the original-cohort mean model-estimated CATE across [figure],NO,NO,NO,NO,NO,NO,N/A,PASS,PASS,PASS,PASS,PASS,NO,None,NONE,Individually rendered and inspected at 300 DPI. Front matter or transition: Figure 10.3: Directional concordance of the original-cohort mean model-estimated CATE across [figure] Warning localization: None.
90,78,Chapter 11,300,Chapter 11: Chapter 11 [prose/list],NO,NO,NO,NO,NO,NO,N/A,N/A,N/A,PASS,PASS,PASS,NO,None,NONE,Individually rendered and inspected at 300 DPI. Chapter 11: Chapter 11 [prose/list] Warning localization: None.
91,79,Front matter or transition,300,"Front matter or transition: therefore supports auditable retrospective analysis and hypothesis generation, but it does not [prose/list]",NO,NO,NO,NO,NO,NO,N/A,N/A,N/A,PASS,PASS,PASS,NO,None,NONE,"Individually rendered and inspected at 300 DPI. Front matter or transition: therefore supports auditable retrospective analysis and hypothesis generation, but it does not [prose/list] Warning localization: None."
92,80,Front matter or transition,300,"Front matter or transition: label model [5, 21, 6]. [prose/list]",NO,NO,NO,NO,NO,NO,N/A,N/A,N/A,PASS,PASS,PASS,NO,OVERFULL-45,NONE,"Individually rendered and inspected at 300 DPI. Front matter or transition: label model [5, 21, 6]. [prose/list] Warning localization: OVERFULL-45."
93,81,Chapter 10,300,Chapter 10: CausalForestDML and LinearDML agreed in direction for all 19 original-cohort dataset– [prose/list],NO,NO,NO,NO,NO,NO,N/A,N/A,N/A,PASS,PASS,PASS,NO,None,NONE,Individually rendered and inspected at 300 DPI. Chapter 10: CausalForestDML and LinearDML agreed in direction for all 19 original-cohort dataset– [prose/list] Warning localization: None.
94,82,Front matter or transition,300,Front matter or transition: 11.1.5 Cross-Dataset Interpretation and Robustness [prose/list],NO,NO,NO,NO,NO,NO,N/A,N/A,N/A,PASS,PASS,PASS,NO,OVERFULL-46; OVERFULL-47,NONE,Individually rendered and inspected at 300 DPI. Front matter or transition: 11.1.5 Cross-Dataset Interpretation and Robustness [prose/list] Warning localization: OVERFULL-46; OVERFULL-47.
95,83,Front matter or transition,300,Front matter or transition: in observational ICU causal analysis and machine-learning HTE research: defining the target [table],NO,NO,NO,NO,NO,NO,PASS,PASS,N/A,PASS,PASS,PASS,NO,None,NONE,Individually rendered and inspected at 300 DPI. Front matter or transition: in observational ICU causal analysis and machine-learning HTE research: defining the target [table] Warning localization: None.
96,84,Front matter or transition,300,Front matter or transition: Question Evidence-based answer Strength of an- Principal boundary [prose/list],NO,NO,NO,NO,NO,NO,N/A,N/A,N/A,PASS,PASS,PASS,NO,None,NONE,Individually rendered and inspected at 300 DPI. Front matter or transition: Question Evidence-based answer Strength of an- Principal boundary [prose/list] Warning localization: None.
97,85,Front matter or transition,300,"Front matter or transition: across datasets. Prediction and majority voting introduce further classification error, and [prose/list]",NO,NO,NO,NO,NO,NO,N/A,N/A,N/A,PASS,PASS,PASS,NO,None,NONE,"Individually rendered and inspected at 300 DPI. Front matter or transition: across datasets. Prediction and majority voting introduce further classification error, and [prose/list] Warning localization: None."
98,86,Chapter 10,300,"Chapter 10: 11.2.3 Statistical, Modeling, and Support Limitations [prose/list]",NO,NO,NO,NO,NO,NO,N/A,N/A,N/A,PASS,PASS,PASS,NO,None,NONE,"Individually rendered and inspected at 300 DPI. Chapter 10: 11.2.3 Statistical, Modeling, and Support Limitations [prose/list] Warning localization: None."
99,87,Front matter or transition,300,"Front matter or transition: producing commands are unavailable, and some paths are absolute to the producing machine. [prose/list]",NO,NO,NO,NO,NO,NO,N/A,N/A,N/A,PASS,PASS,PASS,NO,None,NONE,"Individually rendered and inspected at 300 DPI. Front matter or transition: producing commands are unavailable, and some paths are absolute to the producing machine. [prose/list] Warning localization: None."
100,88,Front matter or transition,300,Front matter or transition: Table 11.2: Study-specific limitations and threats to validity. [table],NO,NO,NO,NO,NO,NO,PASS,PASS,N/A,PASS,PASS,PASS,NO,None,NONE,Individually rendered and inspected at 300 DPI. Front matter or transition: Table 11.2: Study-specific limitations and threats to validity. [table] Warning localization: None.
101,89,Chapter 12,300,Chapter 12: Chapter 12 [prose/list],NO,NO,NO,NO,NO,NO,N/A,N/A,N/A,PASS,PASS,PASS,NO,None,NONE,Individually rendered and inspected at 300 DPI. Chapter 12: Chapter 12 [prose/list] Warning localization: None.
102,90,Chapter 10,300,Chapter 10: checkout reproduction record. [prose/list],NO,NO,NO,NO,NO,NO,N/A,N/A,N/A,PASS,PASS,PASS,NO,None,NONE,Individually rendered and inspected at 300 DPI. Chapter 10: checkout reproduction record. [prose/list] Warning localization: None.
103,91,Front matter or transition,300,"Front matter or transition: ses, and permutation checks qualify particular risks but do not establish global overlap, balance, [prose/list]",NO,NO,NO,NO,NO,NO,N/A,N/A,N/A,PASS,PASS,PASS,NO,None,NONE,"Individually rendered and inspected at 300 DPI. Front matter or transition: ses, and permutation checks qualify particular risks but do not establish global overlap, balance, [prose/list] Warning localization: None."
104,92,Front matter or transition,300,Front matter or transition: 12.5 Closing Perspective [prose/list],NO,NO,NO,NO,NO,NO,N/A,N/A,N/A,PASS,PASS,PASS,NO,None,NONE,Individually rendered and inspected at 300 DPI. Front matter or transition: 12.5 Closing Perspective [prose/list] Warning localization: None.
105,93,Appendix A,300,Appendix A: Appendix A [prose/list],NO,NO,NO,NO,NO,NO,N/A,N/A,N/A,PASS,PASS,PASS,NO,None,NONE,Individually rendered and inspected at 300 DPI. Appendix A: Appendix A [prose/list] Warning localization: None.
106,94,Bibliography,300,Bibliography: Bibliography [prose/list],NO,NO,NO,NO,NO,NO,N/A,N/A,N/A,PASS,PASS,PASS,NO,None,NONE,Individually rendered and inspected at 300 DPI. Bibliography: Bibliography [prose/list] Warning localization: None.
107,95,Front matter or transition,300,Front matter or transition: [9] Miguel A. Hernan and Sarah L. Taubman. “Does Obesity Shorten Life? The Importance [prose/list],NO,NO,NO,NO,NO,NO,N/A,N/A,N/A,PASS,PASS,PASS,NO,OVERFULL-48,NONE,Individually rendered and inspected at 300 DPI. Front matter or transition: [9] Miguel A. Hernan and Sarah L. Taubman. “Does Obesity Shorten Life? The Importance [prose/list] Warning localization: OVERFULL-48.
108,96,Front matter or transition,300,"Front matter or transition: [19] Shaojie Bai, J. Zico Kolter, and Vladlen Koltun. “An Empirical Evaluation of Generic [prose/list]",NO,NO,NO,NO,NO,NO,N/A,N/A,N/A,PASS,PASS,PASS,NO,None,NONE,"Individually rendered and inspected at 300 DPI. Front matter or transition: [19] Shaojie Bai, J. Zico Kolter, and Vladlen Koltun. “An Empirical Evaluation of Generic [prose/list] Warning localization: None."
109,97,Front matter or transition,300,Front matter or transition: [28] Ilya Lipkovich et al. “Modern Approaches for Evaluating Treatment Effect Heterogeneity [prose/list],NO,NO,NO,NO,NO,NO,N/A,N/A,N/A,PASS,PASS,PASS,NO,None,NONE,Individually rendered and inspected at 300 DPI. Front matter or transition: [28] Ilya Lipkovich et al. “Modern Approaches for Evaluating Treatment Effect Heterogeneity [prose/list] Warning localization: None.
