claim_id,chapter,section,claim_summary,claim_strength,citation_keys,preferred_source_type,actual_source_type,local_repository_claim,support_status,boundary_status,repair_action
CC-4.9B-001,Chapter 1,Motivation: Irregular ICU Time-Series Analysis,"Intensive-care medicine produces a particularly demanding form of longitudinal data.  Electronic health records contain laboratory values, vital signs, treatments, administrative fields, and outcomes, but these quantities are neither observed on a common clock nor collected with a common purpose.  Measurements occur at nonuniform times; variables are sampled at markedly different frequencies; many values are absent at most time points; and the intensity of measurement may itself reflect clinical concern, workflow, or resource use.  The resulting records are high dimensional and heterogeneous across patients, care trajectories, and institutions.  Irregular medical time-series methods therefore face more than a standard sequence-modeling inconvenience: they must represent the timing, absence, and changing availability of observations while preserving a defensible analytical link to the question being asked .",HIGH_LEVEL,sun_2026_review_irregular_medical_timeseries;lipton_kale_wetzel_2016_missingness_rnns,MIXED_AS_APPROPRIATE,PRIMARY_METHOD;REVIEW_OR_SURVEY,NO,SUPPORTED,CANONICAL_SCOPE,None.
CC-4.9B-002,Chapter 1,Motivation: Irregular ICU Time-Series Analysis,"Two complementary needs follow.  First, an analysis must accommodate irregular longitudinal measurements rather than force all observations into an unqualified regular grid.  Architectures for sparse clinical series and missingness-aware recurrent models illustrate different ways to use values, time intervals, and observation patterns .  Second, the analysis needs interpretable variables that can connect a rich event stream to later questions about prognosis and adjusted mortality contrasts.  In this thesis, that intermediate layer consists of clinically inspired proxy states: rule-derived analytical constructs that summarize evidence for selected clinical patterns from available measurements.",HIGH_LEVEL,tipirneni2022strats;che2018grud,PRIMARY_METHOD,PRIMARY_METHOD,NO,SUPPORTED,CANONICAL_SCOPE,None.
CC-4.9B-003,Chapter 1,Motivation: Irregular ICU Time-Series Analysis,"This wording is deliberate.  A rule-derived proxy label is not a chart-adjudicated diagnosis, ground truth, or a validated phenotype.  A positive tag records that the project-specific source rules were satisfied for the available data; a negative tag does not establish absence of a clinical condition.  Nevertheless, a transparent proxy-state layer can make the passage from irregular measurements to a structured downstream analysis inspectable.  It supplies common targets for multi-label prediction and a documented set of proxy-state exposures for observational analyses, while retaining a visible link to the measurements and rules from which each construct was derived.  Rule-based electronic phenotyping and weak-supervision research provide useful context for this design choice, but do not validate the local proxy definitions or their clinical meaning .",HIGH_LEVEL,banda_2018_electronic_phenotyping;ratner_et_al_2020_snorkel,MIXED_AS_APPROPRIATE,PRIMARY_METHOD;REVIEW_OR_SURVEY,NO,SUPPORTED,CANONICAL_SCOPE,None.
CC-4.9B-004,Chapter 1,Motivation: Irregular ICU Time-Series Analysis,"Prediction and causal analysis then answer different questions.  Predicting a rule-derived proxy label asks whether an irregular-time-series model can reproduce that label from the available inputs.  Estimating an adjusted mortality contrast for a proxy-state exposure asks a separate observational question about modeled differences in outcome under explicit assumptions.  Strong performance on the first task does not establish the clinical validity of the label, causal validity of the second analysis, or actionability of the exposure.  The latter task requires a stated causal model, project-specified directed acyclic graphs (DAGs), exposure-specific adjustment logic, attention to support and overlap, sensitivity and permutation diagnostics, and traceable evidence.  Even with these elements, adjusted estimates remain conditional on the adequacy of the proxy measurement, graph, temporal ordering, observed covariates, and model specification .",HIGH_LEVEL,pearl_1995_causal_diagrams;hernan_robins_2016_target_trial;hernan_taubman_2008_well_defined_interventions,PRIMARY_METHOD,PRIMARY_METHOD,NO,SUPPORTED,CANONICAL_SCOPE,None.
CC-4.9B-005,Chapter 1,Motivation: Irregular ICU Time-Series Analysis,"The framework is exercised on PhysioNet 2012 and MIMIC-III, two public ICU time-series resources that provide complementary settings for this problem .  Both contain longitudinal ICU measurements and in-hospital mortality information, yet they differ in era, scale, available variables, data contracts, measurement processes, proxy-state definitions, and project graphs.  These differences make cross-dataset evaluation useful for examining the portability of an analytical workflow, but they preclude treating similarly named constructs as automatically equivalent or pooling numerical estimates without further justification.  The thesis therefore uses the datasets to test a shared methodological sequence while preserving dataset-specific definitions and interpretation boundaries.",HIGH_LEVEL,silva2012physionet;johnson2016mimiciii,PRIMARY_DATASET,PRIMARY_DATASET,NO,SUPPORTED,CANONICAL_SCOPE,None.
CC-4.9B-006,Chapter 1,Thesis Gap and Objective,"Prior work offers important components for this setting.  Irregular-time-series research provides representations and predictive methods for sparse, asynchronously observed medical data.  Electronic phenotyping and weak supervision provide strategies for constructing useful analytical labels when direct expert adjudication is unavailable.  Causal-inference research supplies DAG-based reasoning, double machine learning, heterogeneous-effect estimation, and diagnostics for observational studies .  ICU-focused reviews further emphasize the difficulty of defining an actionable question, managing confounding, and distinguishing predictive patterns from treatment-effect claims in observational clinical records .",HIGH_LEVEL,chernozhukov2018dml;wager2018causalforest;athey2019grf;smit_2023_causal_inference_icu_scoping_review;bica_2021_individualized_treatment_effects_ehr_ml,MIXED_AS_APPROPRIATE,PRIMARY_METHOD;REVIEW_OR_SURVEY,NO,SUPPORTED,CANONICAL_SCOPE,None.
CC-4.9B-007,Chapter 2,ICU EHR Datasets and Irregular Sampling: Critical-care EHR time series,"ICU electronic health records combine physiological measurements, laboratory results, administered treatments, clinical observations, and administrative information.  These sources do not share a natural sampling clock.  Vital signs may be recorded repeatedly, laboratory tests are ordered at variable intervals, and static admission fields may appear only once.  Observation times are therefore nonuniform both within a variable and across variables, while different patients can have markedly different measurement density and duration.  Reviews of irregular medical time series distinguish irregular spacing within a sequence from heterogeneous sampling rates across variables, and emphasize that either feature complicates models built for complete, fixed-dimensional sequences .",HIGH_LEVEL,sun_2026_review_irregular_medical_timeseries,REVIEW_OR_SURVEY,REVIEW_OR_SURVEY,NO,SUPPORTED,CANONICAL_SCOPE,None.
CC-4.9B-008,Chapter 2,ICU EHR Datasets and Irregular Sampling: Critical-care EHR time series,"Missingness in this setting is not a single phenomenon.  A value may be absent because a test was not ordered, a device was not connected, a source table did not contain the measurement, the observation fell outside the analysis window, or preprocessing rejected it.  Clinical concern and care processes can influence whether and when a variable is measured, so the observation pattern may contain predictive information .  It would nevertheless be too strong to treat every absence as informative or clinically meaningful.  Observation patterns can mix physiology, workflow, resource availability, and data-quality mechanisms; exploiting them predictively does not identify which mechanism generated them.",HIGH_LEVEL,lipton_kale_wetzel_2016_missingness_rnns;che2018grud,PRIMARY_METHOD,PRIMARY_METHOD,NO,SUPPORTED,CANONICAL_SCOPE,None.
CC-4.9B-009,Chapter 2,ICU EHR Datasets and Irregular Sampling: PhysioNet/Computing in Cardiology Challenge 2012,"The PhysioNet/Computing in Cardiology Challenge 2012 was organized around patient-specific prediction of in-hospital mortality from early ICU information.  It combined admission descriptors with time-stamped vital-sign and laboratory series and provided a structured training-and-evaluation setting for mortality classifiers and risk estimators .  Its challenge format makes it a useful compact benchmark-style source: the prediction target, observation window, and evaluation setting were defined for a shared research task rather than left to every investigator to derive independently.",HIGH_LEVEL,silva2012physionet,PRIMARY_DATASET,PRIMARY_DATASET,NO,SUPPORTED,CANONICAL_SCOPE,None.
CC-4.9B-010,Chapter 2,ICU EHR Datasets and Irregular Sampling: MIMIC-III and benchmark research,"MIMIC-III is a deidentified, single-center critical-care database integrating bedside observations, laboratory data, medications, procedures, coded information, notes, and outcomes over an extended data era.  It was made available to qualified researchers subject to training and a data-use agreement, enabling reproducible critical-care research while retaining controlled-access obligations .  Unlike a fixed prediction challenge, MIMIC-III is a relational clinical database from which researchers must define the study unit, cohort, variables, time windows, and outcomes.",HIGH_LEVEL,johnson2016mimiciii,PRIMARY_DATASET,PRIMARY_DATASET,NO,SUPPORTED,CANONICAL_SCOPE,None.
CC-4.9B-011,Chapter 2,ICU EHR Datasets and Irregular Sampling: MIMIC-III and benchmark research,"Benchmark work on MIMIC-III illustrates how a database can be converted into standardized clinical time-series tasks and reusable baselines .  The benchmark is a particular extraction and task definition, not the database itself.  Consequently, citing the benchmark supports the value of reproducible task construction but does not imply that this thesis uses its cohorts or tasks unchanged.  Local preprocessing may draw on a benchmark style while defining different proxy-label targets and downstream analysis objects.",HIGH_LEVEL,harutyunyan_2019_mimiciii_benchmark,PRIMARY_DATASET,PRIMARY_DATASET,NO,SUPPORTED,CANONICAL_SCOPE,None.
CC-4.9B-012,Chapter 2,Irregular Time-Series Representation Models: Representation challenges and design choices,"Predictive models for irregular clinical time series differ first in what they consider an input.  One family regularizes observations onto a sequence of time bins and supplies imputed values, masks, or time gaps.  Another works directly with observed events, representing measurement identity, value, and time without filling every unobserved cell.  Within these representations, temporal dependence can be modeled by recurrent state updates, temporal convolution, or attention.  These choices encode distinct assumptions about which temporal relationships should be easy to learn and how the observation process should enter the model .",HIGH_LEVEL,sun_2026_review_irregular_medical_timeseries,REVIEW_OR_SURVEY,REVIEW_OR_SURVEY,NO,SUPPORTED,CANONICAL_SCOPE,None.
CC-4.9B-013,Chapter 2,Irregular Time-Series Representation Models: Recurrent baselines: GRU and GRU-D,"The gated recurrent unit (GRU) updates a hidden state sequentially using reset and update gates.  Conceptually, the update gate balances retention of the previous state against incorporation of a candidate state, while the reset gate controls how strongly earlier information contributes to that candidate.  This gating provides a flexible general sequence baseline with fewer gating components than a conventional long short-term memory unit .  A standard GRU can learn from a suitably prepared clinical sequence, but it does not inherently know how much time elapsed between observations or why a variable is absent.  Its handling of irregularity therefore depends on the input representation supplied to it.",HIGH_LEVEL,cho2014gru,PRIMARY_METHOD,PRIMARY_METHOD,NO,SUPPORTED,CANONICAL_SCOPE,None.
CC-4.9B-014,Chapter 2,Irregular Time-Series Representation Models: Recurrent baselines: GRU and GRU-D,"GRU-D modifies recurrent modeling for multivariate series with missing values.  It uses observation masks and elapsed-time information, and learns decay mechanisms that move missing inputs toward empirical reference values and attenuate hidden states as gaps increase .  This formulation makes the missingness pattern and time since observation explicit rather than treating imputation as an invisible preprocessing step.  It is one principled response to irregular sampling, not a universal solution: learned decay imposes its own structure, the observation process may differ across sites, and predictive use of missingness does not correct causal bias from measurement decisions.",HIGH_LEVEL,che2018grud,PRIMARY_METHOD,PRIMARY_METHOD,NO,SUPPORTED,CANONICAL_SCOPE,None.
CC-4.9B-015,Chapter 2,Irregular Time-Series Representation Models: Temporal convolution: TCN,"Temporal convolutional networks apply one-dimensional convolution in temporal order.  Causal convolution prevents future positions from contributing to an earlier output, dilation expands the receptive field without requiring a kernel at every lag, and residual blocks stabilize deeper models.  Because convolutions for many positions can be computed in parallel, a TCN offers a different computational and inductive bias from a recurrent state update .  The canonical TCN study is a general sequence-modeling comparison rather than an ICU-specific method paper.  In an irregular ICU setting, the model still requires an appropriate regular sequence representation, so resampling, aggregation, masks, and time features remain part of its effective design.",HIGH_LEVEL,bai2018tcn,PRIMARY_METHOD,PRIMARY_METHOD,NO,SUPPORTED,CANONICAL_SCOPE,None.
CC-4.9B-016,Chapter 2,Irregular Time-Series Representation Models: Attention-based dense modeling: SAnD,"SAnD applies masked self-attention to clinical time series so that a representation at a position can combine information from other permitted positions without recurrent traversal.  Positional encoding supplies temporal order, and attention provides direct paths for modeling long-range relationships .  Its clinical formulation uses a dense or regularly represented sequence, making preprocessing part of the model interface.  It therefore differs from a sparse-event transformer even though both use attention: attention is a temporal mechanism, not a complete specification of the input representation.",HIGH_LEVEL,song2018sand,PRIMARY_METHOD,PRIMARY_METHOD,NO,SUPPORTED,CANONICAL_SCOPE,None.
CC-4.9B-017,Chapter 2,Irregular Time-Series Representation Models: Sparse-event transformer modeling: STraTS,"STraTS is designed for sparse and irregular multivariate clinical series.  It treats an observed measurement as a triplet of time, variable, and value; continuous embeddings of time and value are combined with a variable embedding, and transformer-style attention contextualizes the observed events.  This avoids constructing a fully imputed variable-by-time matrix and preserves fine-grained observation times.  The method also introduces a self-supervised forecasting objective for pretraining representations before supervised prediction .",HIGH_LEVEL,tipirneni2022strats,PRIMARY_METHOD,PRIMARY_METHOD,NO,SUPPORTED,CANONICAL_SCOPE,None.
CC-4.9B-018,Chapter 2,Irregular Time-Series Representation Models: Relationship among the five included families,STraTS & Transformer-style contextualization and attention pooling. & Sparse observed time--variable--value triplets; timing and absence are retained without a fully imputed grid; self-supervised pretraining is supported. & Sparse-event focal model with a later local multi-label adaptation. &  ,HIGH_LEVEL,tipirneni2022strats,PRIMARY_METHOD,PRIMARY_METHOD,NO,SUPPORTED,CANONICAL_SCOPE,None.
CC-4.9B-019,Chapter 2,Irregular Time-Series Representation Models: Relationship among the five included families,GRU & Gated recurrent hidden-state updates. & Requires a prepared sequence; irregular time and missingness are not inherently resolved by the ordinary recurrent unit. & General recurrent baseline. &  ,HIGH_LEVEL,cho2014gru,PRIMARY_METHOD,PRIMARY_METHOD,NO,SUPPORTED,CANONICAL_SCOPE,None.
CC-4.9B-020,Chapter 2,Irregular Time-Series Representation Models: Relationship among the five included families,GRU-D & Recurrent updates with trainable input and hidden-state decay. & Uses masks and elapsed-time features to model missingness explicitly. & Missingness-aware recurrent baseline. &  ,HIGH_LEVEL,che2018grud,PRIMARY_METHOD,PRIMARY_METHOD,NO,SUPPORTED,CANONICAL_SCOPE,None.
CC-4.9B-021,Chapter 2,Irregular Time-Series Representation Models: Relationship among the five included families,"TCN & Dilated temporally ordered convolutions with residual blocks. & Operates on a regular sequence representation whose binning, masks, and aggregation must be defined. & Convolutional sequence baseline. &  ",HIGH_LEVEL,bai2018tcn,PRIMARY_METHOD,PRIMARY_METHOD,NO,SUPPORTED,CANONICAL_SCOPE,None.
CC-4.9B-022,Chapter 2,Irregular Time-Series Representation Models: Relationship among the five included families,SAnD & Masked self-attention with positional encoding. & Operates on a dense clinical sequence; its input is not the same raw sparse-event representation as STraTS. & Dense attention-based baseline. &  ,HIGH_LEVEL,song2018sand,PRIMARY_METHOD,PRIMARY_METHOD,NO,SUPPORTED,CANONICAL_SCOPE,None.
CC-4.9B-023,Chapter 2,Proxy Phenotyping and Weak Supervision: Electronic phenotyping and rule-derived labels,"Electronic phenotyping identifies patients or records with characteristics of interest from routinely collected EHR data.  Phenotypes may combine diagnosis or procedure codes, laboratory and vital measurements, medications, text, temporal criteria, deterministic rules, statistical models, or machine learning.  The field has consequently developed from manually specified rule sets toward hybrid and learned approaches, while retaining the need to validate the construct for its intended use .",HIGH_LEVEL,banda_2018_electronic_phenotyping,REVIEW_OR_SURVEY,REVIEW_OR_SURVEY,NO,SUPPORTED,CANONICAL_SCOPE,None.
CC-4.9B-024,Chapter 2,Proxy Phenotyping and Weak Supervision: Electronic phenotyping and rule-derived labels,"Rule-based phenotypes remain attractive when transparency and inspectability matter.  An investigator can trace a positive label to named variables, thresholds, and time conditions; the same rule can be rerun; and domain reviewers can identify implausible clauses.  A rule can also provide a practical label when manual adjudication is unavailable.  Concrete respiratory-failure phenotyping work illustrates how operational cohort definitions can be constructed from EHR evidence while requiring validation against the intended clinical concept .",HIGH_LEVEL,essay_mosier_subbian_2020_acute_respiratory_failure_phenotyping,APPLICATION_EXAMPLE,APPLICATION_EXAMPLE,NO,SUPPORTED,CANONICAL_SCOPE,None.
CC-4.9B-025,Chapter 2,Proxy Phenotyping and Weak Supervision: Clinical-definition sources and approximation,"Clinical consensus documents provide important conceptual grounding for organ dysfunction and acute syndromes, but their definitions are usually multicomponent and context dependent.  Sepsis-3 links sepsis to infection-associated organ dysfunction and gives specific clinical operationalizations; KDIGO defines acute kidney injury using creatinine and urine-output changes; and the ISTH work proposes clinical and laboratory scoring for disseminated intravascular coagulation .  SOFA and the Berlin ARDS definition likewise supply authoritative terminology for organ dysfunction and respiratory syndromes .",HIGH_LEVEL,singer_2016_sepsis3;kdigo_2012_acute_kidney_injury;taylor_et_al_2001_isth_dic;vincent_et_al_1996_sofa;ranieri_et_al_2012_berlin_ards,PRIMARY_CLINICAL_DEFINITION,PRIMARY_CLINICAL_DEFINITION,NO,MISSING_PDF_LIMITED_USE,HIGH_LEVEL_CONCEPT_ONLY,Retain high-level terminology only; no detailed criteria or threshold attribution.
CC-4.9B-026,Chapter 2,Proxy Phenotyping and Weak Supervision: Weak supervision and label aggregation,"Weak supervision addresses settings in which accurate hand labels are scarce but multiple imperfect labeling sources are available.  Labeling functions can encode heuristics, distant supervision, or model outputs, and may differ in coverage and accuracy.  Snorkel formalizes the problem by learning a generative label model that estimates source accuracies and dependencies without requiring every training example to be manually labeled .  The central lesson for this thesis is that label-source quality and correlation matter: adding sources does not guarantee that shared bias cancels.",HIGH_LEVEL,ratner_et_al_2020_snorkel,PRIMARY_METHOD,PRIMARY_METHOD,NO,SUPPORTED,CANONICAL_SCOPE,None.
CC-4.9B-027,Chapter 2,"Causal Diagrams, Identification, HTE, Overlap, and Sensitivity: Observational causal questions and target-trial thinking","Causal analysis begins with a question, not an estimator.  Target-trial thinking makes the desired comparison explicit by specifying eligibility, treatment or exposure strategies, assignment, time zero, follow-up, outcome, causal contrast, and analysis plan before observational data are analyzed .  This discipline exposes mismatches such as using post-baseline information to define eligibility, comparing prevalent with incident exposure, or allowing eligibility and follow-up to begin at different times.  ICU EHR data make these issues acute because clinical state, treatment, measurement, and selection evolve rapidly and are documented through care processes.",HIGH_LEVEL,hernan_robins_2016_target_trial,PRIMARY_METHOD,PRIMARY_METHOD,NO,SUPPORTED,CANONICAL_SCOPE,None.
CC-4.9B-028,Chapter 2,"Causal Diagrams, Identification, HTE, Overlap, and Sensitivity: Observational causal questions and target-trial thinking","The exposure must also correspond to a sufficiently well-defined intervention or contrast.  Different ways of producing the same measured state can lead to different outcomes, so a contrast on a state such as body mass index---or, here, an illness-state proxy---may violate consistency when the underlying intervention is unspecified .  This concern is not repaired by choosing a flexible estimator.  It requires clarity about what changes, when it changes, and which versions of the exposure are being compared.",HIGH_LEVEL,hernan_taubman_2008_well_defined_interventions,PRIMARY_METHOD,PRIMARY_METHOD,NO,SUPPORTED,CANONICAL_SCOPE,None.
CC-4.9B-029,Chapter 2,"Causal Diagrams, Identification, HTE, Overlap, and Sensitivity: Observational causal questions and target-trial thinking","Retrospective ICU studies additionally face confounding by indication, changing severity, informative measurement, treatment--confounder feedback, selection, and limitations in outcome measurement.  A review of observational causal inference in intensive care emphasizes careful question formulation, assumptions, data preparation, and reporting across the analysis workflow .  Marginal structural models provide important background for time-varying treatment and confounder processes, but they are not the point/binary exposure estimator implemented in this thesis.  Nor does this thesis claim a complete target-trial emulation.",HIGH_LEVEL,smit_2023_causal_inference_icu_scoping_review,REVIEW_OR_SURVEY,REVIEW_OR_SURVEY,NO,SUPPORTED,CANONICAL_SCOPE,None.
CC-4.9B-030,Chapter 2,"Causal Diagrams, Identification, HTE, Overlap, and Sensitivity: DAGs, backdoor reasoning, and adjustment","A directed acyclic graph (DAG) represents assumed causal relations through nodes and directed edges.  Paths into an exposure can encode confounding routes, while colliders require special care because conditioning on them can open otherwise blocked associations.  Backdoor reasoning uses the graph to identify covariates that block noncausal paths without adjusting for inappropriate descendants or colliders .  A DAG thus makes assumptions inspectable and connects scientific reasoning to adjustment-set selection.",HIGH_LEVEL,pearl_1995_causal_diagrams,PRIMARY_METHOD,PRIMARY_METHOD,NO,SUPPORTED,CANONICAL_SCOPE,None.
CC-4.9B-031,Chapter 2,"Causal Diagrams, Identification, HTE, Overlap, and Sensitivity: Double machine learning","Double machine learning (DML) separates the causal parameter of interest from flexible nuisance functions, such as outcome regression and exposure propensity.  Machine-learning estimators can fit these functions, but naively substituting regularized predictions into a causal estimating equation can transfer regularization and overfitting bias to the target parameter.  DML addresses this problem through Neyman-orthogonal scores, which reduce first-order sensitivity to nuisance-estimation error, and cross-fitting, which estimates nuisance functions on data separate from the observations used to evaluate the score .",HIGH_LEVEL,chernozhukov2018dml,PRIMARY_METHOD,PRIMARY_METHOD,NO,SUPPORTED,CANONICAL_SCOPE,None.
CC-4.9B-032,Chapter 2,"Causal Diagrams, Identification, HTE, Overlap, and Sensitivity: Double machine learning","EconML provides software implementations for heterogeneous-effect estimators, including DML-related workflows, and is useful for documenting implementation context .  The software reference is distinct from the theoretical basis: library availability does not validate local nuisance models, cross-fitting behavior, or identification assumptions.",HIGH_LEVEL,oprescu_et_al_2019_econml,SOFTWARE_IMPLEMENTATION,SOFTWARE_IMPLEMENTATION,NO,SUPPORTED,CANONICAL_SCOPE,None.
CC-4.9B-033,Chapter 2,"Causal Diagrams, Identification, HTE, Overlap, and Sensitivity: Causal forests and heterogeneous effects","Causal forests adapt random-forest ideas to heterogeneous treatment-effect estimation.  Recursive partitioning seeks regions in covariate space with different treatment contrasts, and aggregation across trees stabilizes local estimates.  Under conditions including unconfoundedness and appropriate forest construction, the method provides a nonparametric approach to conditional treatment effects and inference .  Generalized random forests extend the adaptive-neighborhood view of forests to parameters defined through local moment equations, providing a broader framework in which heterogeneous-effect estimation can be formulated .",HIGH_LEVEL,wager2018causalforest;athey2019grf,PRIMARY_METHOD,PRIMARY_METHOD,NO,SUPPORTED,CANONICAL_SCOPE,None.
CC-4.9B-034,Chapter 2,"Causal Diagrams, Identification, HTE, Overlap, and Sensitivity: HTE in EHR and critical care","EHR research is motivated by the possibility that large, heterogeneous observational populations can inform conditional or individualized treatment-effect estimation.  The same data introduce confounding, informative missingness, treatment-selection bias, and covariate shift, while individual counterfactual outcomes remain unobserved .  Validation is consequently harder than ordinary prediction: a held-out factual outcome cannot directly reveal the accuracy of an individual's unobserved alternative outcome.",HIGH_LEVEL,bica_2021_individualized_treatment_effects_ehr_ml,REVIEW_OR_SURVEY,REVIEW_OR_SURVEY,NO,SUPPORTED,CANONICAL_SCOPE,None.
CC-4.9B-035,Chapter 2,"Causal Diagrams, Identification, HTE, Overlap, and Sensitivity: HTE in EHR and critical care","Modern HTE reviews emphasize principled separation of hypothesis generation from confirmation, careful performance criteria, and the instability of data-driven subgroups .  Critical-care populations add marked variation in baseline risk, disease mechanisms, and competing trajectories.  Heterogeneity in observed outcomes or prognosis can be mistaken for heterogeneity of treatment effect, and average trial results can conceal clinically important variation while exploratory subgroup analyses can also produce spurious patterns .  These considerations motivate conditional-effect modeling in the thesis but do not imply that its proxy-state analyses validate individualized clinical effects.",HIGH_LEVEL,lipkovich_2024_modern_hte_methods;curth_2024_ml_individualized_treatment_effects;iwashyna_2015_hte_critical_care,REVIEW_OR_SURVEY,REVIEW_OR_SURVEY,NO,SUPPORTED,CANONICAL_SCOPE,None.
CC-4.9B-036,Chapter 2,"Causal Diagrams, Identification, HTE, Overlap, and Sensitivity: Overlap and empirical support","Positivity requires that the exposure conditions being compared are possible within relevant covariate strata.  Its empirical counterpart, overlap or common support, asks whether comparable exposed and unexposed observations exist in the analyzed sample.  When propensity scores approach their boundaries, estimates rely on a small number of observations or extrapolation, producing instability and changing the population for which a comparison is credible.  Work on limited overlap formalizes the variance and target-population consequences and motivates explicit attention to the region of adequate support .",HIGH_LEVEL,crump_et_al_2009_limited_overlap,PRIMARY_METHOD,PRIMARY_METHOD,NO,SUPPORTED,CANONICAL_SCOPE,None.
CC-4.9B-037,Chapter 2,"Causal Diagrams, Identification, HTE, Overlap, and Sensitivity: Omitted-variable sensitivity and diagnostic workflows","Even after adjustment, observational estimates can be biased by variables that affect both exposure and outcome but are absent from the model.  Omitted-variable-bias sensitivity analysis asks how strongly such a variable would need to relate to the residualized exposure and outcome to change a conclusion.  Robustness values provide a compact strength-of-confounding summary, while comparison with observed covariates can make a hypothetical confounder scale more interpretable .  Extensions to causal machine learning formulate analogous bias bounds and inference for broader target parameters and flexible nuisance estimation .",HIGH_LEVEL,cinelli_hazlett_2020_sensitivity;chernozhukov_et_al_2026_ovb_causal_ml,PRIMARY_METHOD,PRIMARY_METHOD,NO,SUPPORTED,CANONICAL_SCOPE,None.
CC-4.9B-038,Chapter 2,"Causal Diagrams, Identification, HTE, Overlap, and Sensitivity: Omitted-variable sensitivity and diagnostic workflows","More broadly, transparent causal workflows separate modeling assumptions, identification, estimation, and attempts to refute or perturb the analysis.  DoWhy articulates this model--identify--estimate--refute sequence and implements placebo and other robustness checks as software-supported diagnostics .  The value of such checks is procedural: they can expose sensitivity to broken relationships or alternative assumptions.  They do not turn every perturbation into a formal randomization test, and the citation does not imply that every DoWhy refuter was used in this thesis.",HIGH_LEVEL,sharma_kiciman_2020_dowhy,SOFTWARE_IMPLEMENTATION,SOFTWARE_IMPLEMENTATION,NO,SUPPORTED,CANONICAL_SCOPE,None.
CC-4.9B-039,Chapter 3,"Causal Question, Exposures, Outcome, Estimands, Assumptions","Let (A_iin{0,1}) denote a selected proxy-state exposure, (Y_i) denote the binary outcome in_hospital_mortality, (W_i) denote observed adjustment variables selected from a project-specified DAG and available columns, and (X_i) denote effect-modifier features used to describe heterogeneity.  The dataset-specific DAGs were developed through a project design process that included LLM-assisted clinical and causal elicitation and were then encoded in source code; the implemented graph scripts, not the prompt outputs alone, define the DAG artifacts used by the pipeline.  Potential-outcome notation such as (Y_i(a)) is useful as conceptual language, but causal interpretation requires more than the presence of a graph or an estimator.  It depends on assumptions about the causal graph, consistency, exchangeability conditional on observed covariates, positivity or overlap, outcome and exposure measurement, and unmeasured confounding .",BOUNDARY_OR_IMPLEMENTATION_CONTEXT,pearl_1995_causal_diagrams;hernan_robins_2016_target_trial;hernan_taubman_2008_well_defined_interventions,PRIMARY_METHOD,PRIMARY_METHOD,YES,SUPPORTED_WITH_BOUNDARY,GENERAL_SOURCE_NOT_LOCAL_VALIDATION,"Retain distinction between cited concept and local implementation, DAG, or estimate."
CC-4.9B-040,Chapter 4,PhysioNet 2012 Pipeline,"The PhysioNet/Computing in Cardiology Challenge 2012 dataset provides ICU time-series records and associated in-hospital mortality outcomes for a mortality-prediction challenge setting .  In this thesis it functions as one of the two ICU time-series sources used to exercise the proxy-state prediction and downstream causal-analysis pipeline.  The local repository does not track the raw challenge files or a verified processed-data pickle, so this section describes the implemented preprocessing contract rather than asserting final cohort counts.",BOUNDARY_OR_IMPLEMENTATION_CONTEXT,silva2012physionet,PRIMARY_DATASET,PRIMARY_DATASET,YES,SUPPORTED,CANONICAL_SCOPE,None.
CC-4.9B-041,Chapter 4,MIMIC-III Pipeline,"MIMIC-III is a critical-care electronic health-record database used here as the second ICU data source .  The implemented workflow follows a clinical time-series benchmark style in that it transforms raw ICU events into stay-level time-series examples suitable for prediction, while adapting the output contract for this thesis pipeline .  The repository does not establish a tracked raw-data snapshot, extraction date, or final processed artifact hash.",BOUNDARY_OR_IMPLEMENTATION_CONTEXT,johnson2016mimiciii;harutyunyan_2019_mimiciii_benchmark,PRIMARY_DATASET,PRIMARY_DATASET,YES,SUPPORTED,CANONICAL_SCOPE,None.
CC-4.9B-042,Chapter 5,Rationale and Terminology,"Electronic health-record phenotyping often uses structured measurements, codes, and rules to construct clinically meaningful variables when direct expert labels are unavailable .  This thesis uses the same conservative framing.  A proxy state is a binary construct intended to summarize evidence for a clinically meaningful condition or physiologic state from the available data.  A proxy phenotype is the same family of construct, with emphasis on phenotype-like grouping rather than direct measurement.  A clinically inspired proxy label is a weak label based on clinical measurements, thresholds, or rule clauses rather than a chart-adjudicated endpoint.  A rule-based proxy state is assigned by deterministic source-code rules.  A predicted proxy state is produced by a supervised time-series model trained to estimate rule-derived labels.  A majority-vote proxy state is the deterministic aggregation of binary voter files.  A binary proxy-state tag is the realized 0/1 value for one ts_id and one proxy-state column.",BOUNDARY_OR_IMPLEMENTATION_CONTEXT,banda_2018_electronic_phenotyping,REVIEW_OR_SURVEY,REVIEW_OR_SURVEY,YES,SUPPORTED,CANONICAL_SCOPE,None.
CC-4.9B-043,Chapter 5,Rationale and Terminology,"The limitations are equally central.  No chart-adjudicated reference labels or clinician-reviewed gold-standard labels were found in the inspected archive.  Thresholds approximate clinical ideas but are not equivalent to complete formal clinical definitions.  Missing measurements can prevent rule clauses from firing; a negative tag therefore does not prove absence of the condition, and a positive tag does not establish a clinical diagnosis.  Source-variable availability differs between PhysioNet and MIMIC-III, so similarly named cross-dataset states are not automatically identical constructs.  Weak-supervision literature supports the broad idea that noisy labeling sources and aggregation can be useful, but this project does not implement the Snorkel generative label model .",BOUNDARY_OR_IMPLEMENTATION_CONTEXT,ratner_et_al_2020_snorkel,PRIMARY_METHOD,PRIMARY_METHOD,YES,SUPPORTED,CANONICAL_SCOPE,None.
CC-4.9B-044,Chapter 5,PhysioNet Proxy-State Rules,"LAT_CHRONIC_BASELINE_RISK & Baseline vulnerability or limited reserve. & Age first value; BMI from height and weight first values; albumin minimum; ICU type first value. & Score at least 2 across age (ge 75), BMI (<18.5) or (ge 40), albumin (<3.0), or ICU type in ({1,3}). & Phenotyping context ; exact clauses are project-specific. ",BOUNDARY_OR_IMPLEMENTATION_CONTEXT,banda_2018_electronic_phenotyping,REVIEW_OR_SURVEY,REVIEW_OR_SURVEY,YES,SUPPORTED,CANONICAL_SCOPE,None.
CC-4.9B-045,Chapter 5,PhysioNet Proxy-State Rules,"LAT_GLOBAL_SEVERITY & Multi-domain acute physiologic severity. & Hemodynamic, respiratory, neurologic, renal, hepatic/coagulation, metabolic, cardiac summaries: minima, maxima, and helper flags. & At least 3 abnormal domains, or at least 2 domains plus a critical marker: lactate (ge 4.0), pH (<7.20), mechanical ventilation, GCS (le 8), or MAP (<60). Domain thresholds include MAP (<70), PF (<300), GCS (<15), creatinine (ge 2.0), bilirubin (ge 2.0), platelets (<100), lactate (>2.0), and HR (ge 130). & Broad organ-dysfunction grounding from Sepsis-3 and SOFA ; not complete SOFA. ",BOUNDARY_OR_IMPLEMENTATION_CONTEXT,singer_2016_sepsis3;vincent_et_al_1996_sofa,PRIMARY_CLINICAL_DEFINITION,PRIMARY_CLINICAL_DEFINITION,YES,CONCEPTUAL_SUPPORT_ONLY,PROJECT_RULE_NOT_COMPLETE_DEFINITION,Keep rule wording project-specific and retain clinical-review gate.
CC-4.9B-046,Chapter 5,PhysioNet Proxy-State Rules,"LAT_SHOCK & Circulatory shock or hemodynamic instability. & MAP, noninvasive MAP, systolic pressure, lactate, heart rate, urine helper, pH, bicarbonate. & At least 2 abnormal clauses among MAP (<70), SBP (le 90), lactate (>2.0), HR (ge 110), urine (<500), pH (<7.30), or bicarbonate (<18); also positive for low MAP with lactate (ge 4.0). & Shock/lactate concepts grounded by Sepsis-3 ; no vasopressor requirement in PhysioNet rule. ",BOUNDARY_OR_IMPLEMENTATION_CONTEXT,singer_2016_sepsis3,PRIMARY_CLINICAL_DEFINITION,PRIMARY_CLINICAL_DEFINITION,YES,CONCEPTUAL_SUPPORT_ONLY,PROJECT_RULE_NOT_COMPLETE_DEFINITION,Keep rule wording project-specific and retain clinical-review gate.
CC-4.9B-047,Chapter 5,PhysioNet Proxy-State Rules,"LAT_RESPIRATORY_FAILURE & Hypoxemia, ventilatory failure, or ventilatory support. & Mechanical ventilation flag; PF ratio; SaO2; PaO2; respiratory rate; PaCO2; pH. & At least 2 abnormal clauses or mechanical ventilation with PF (<300). Clauses include SaO2 (<92), PaO2 (<60), respiratory rate (ge 22) or (<8), PaCO2 (ge 50), or PaCO2 (ge 45) with pH (<7.30). & Respiratory phenotyping and ARDS/oxygenation grounding ; not adjudicated ARDS. ",BOUNDARY_OR_IMPLEMENTATION_CONTEXT,essay_mosier_subbian_2020_acute_respiratory_failure_phenotyping;ranieri_et_al_2012_berlin_ards,MIXED_AS_APPROPRIATE,APPLICATION_EXAMPLE;PRIMARY_CLINICAL_DEFINITION,YES,CONCEPTUAL_SUPPORT_ONLY,PROJECT_RULE_NOT_COMPLETE_DEFINITION,Keep rule wording project-specific and retain clinical-review gate.
CC-4.9B-048,Chapter 5,PhysioNet Proxy-State Rules,"LAT_RENAL_DYSFUNCTION & Renal dysfunction. & Creatinine first and maximum; BUN maximum; urine helper; potassium maximum; bicarbonate minimum. & At least 2 abnormal clauses among creatinine (ge 2.0), creatinine rise (ge 0.3), BUN (ge 40), urine (<500), potassium (ge 5.5), or bicarbonate (<18); creatinine (ge 3.5) is sufficient. & Renal concepts grounded by KDIGO ; not full KDIGO staging. ",BOUNDARY_OR_IMPLEMENTATION_CONTEXT,kdigo_2012_acute_kidney_injury,PRIMARY_CLINICAL_DEFINITION,PRIMARY_CLINICAL_DEFINITION,YES,CONCEPTUAL_SUPPORT_ONLY,PROJECT_RULE_NOT_COMPLETE_DEFINITION,Keep rule wording project-specific and retain clinical-review gate.
CC-4.9B-049,Chapter 5,PhysioNet Proxy-State Rules,"LAT_HEPATIC_DYSFUNCTION & Hepatic injury or reserve. & Bilirubin, AST, ALT, ALP, albumin, platelets. & Weighted score at least 2: bilirubin (ge 2.0) counts twice; AST or ALT (ge 200), ALP (ge 250), albumin (<2.5), or platelets (<100) add one. & Bilirubin/organ-dysfunction grounding from SOFA ; transaminase and albumin clauses are project-specific. ",BOUNDARY_OR_IMPLEMENTATION_CONTEXT,vincent_et_al_1996_sofa,PRIMARY_CLINICAL_DEFINITION,PRIMARY_CLINICAL_DEFINITION,YES,CONCEPTUAL_SUPPORT_ONLY,PROJECT_RULE_NOT_COMPLETE_DEFINITION,Keep rule wording project-specific and retain clinical-review gate.
CC-4.9B-050,Chapter 5,PhysioNet Proxy-State Rules,"LAT_COAG_HEME_DYSFUNCTION & Hematologic/coagulation stress. & Platelets, hematocrit, WBC, platelet first-to-minimum change. & Score at least 2. Platelets (<100) counts twice; platelets (<150), HCT (<25) or (>55), WBC (<4) or (>20), or platelet drop (ge 50) add one. & Coagulation grounding from ISTH DIC and SOFA ; not complete DIC score. ",BOUNDARY_OR_IMPLEMENTATION_CONTEXT,taylor_et_al_2001_isth_dic;vincent_et_al_1996_sofa,PRIMARY_CLINICAL_DEFINITION,PRIMARY_CLINICAL_DEFINITION,YES,CONCEPTUAL_SUPPORT_ONLY,PROJECT_RULE_NOT_COMPLETE_DEFINITION,Keep rule wording project-specific and retain clinical-review gate.
CC-4.9B-051,Chapter 5,PhysioNet Proxy-State Rules,"LAT_INFLAMMATION_SEPSIS_BURDEN & Systemic inflammation or sepsis-like burden. & Temperature, WBC, HR, respiratory rate, PaCO2, lactate, platelets. & Score at least 3 across temperature (>38.3) or (<36), WBC (>12) or (<4), HR (>90), respiratory rate (>20) or PaCO2 (<32), lactate (>2.0), platelets (<150); also positive when temperature or WBC abnormality anchors lactate stress with score at least 2. & Sepsis context ; rule is not formal Sepsis-3 diagnosis. ",BOUNDARY_OR_IMPLEMENTATION_CONTEXT,singer_2016_sepsis3,PRIMARY_CLINICAL_DEFINITION,PRIMARY_CLINICAL_DEFINITION,YES,CONCEPTUAL_SUPPORT_ONLY,PROJECT_RULE_NOT_COMPLETE_DEFINITION,Keep rule wording project-specific and retain clinical-review gate.
CC-4.9B-052,Chapter 5,PhysioNet Proxy-State Rules,"LAT_NEUROLOGIC_DYSFUNCTION & Depressed consciousness or neurologic/metabolic stress. & GCS; sodium; glucose; PaCO2; SaO2; pH. & Score at least 2. GCS (le 12) counts twice; GCS (<15), sodium (<130) or (>150), glucose (<70) or (>300), PaCO2 (ge 50), SaO2 (<90), or pH (<7.25) contribute. & SOFA neurologic context ; sedation ambiguity remains unreviewed. ",BOUNDARY_OR_IMPLEMENTATION_CONTEXT,vincent_et_al_1996_sofa,PRIMARY_CLINICAL_DEFINITION,PRIMARY_CLINICAL_DEFINITION,YES,CONCEPTUAL_SUPPORT_ONLY,PROJECT_RULE_NOT_COMPLETE_DEFINITION,Keep rule wording project-specific and retain clinical-review gate.
CC-4.9B-053,Chapter 5,MIMIC Proxy-State Rules and Validation Artifacts,"LAT_CHRONIC_BURDEN & Baseline chronic burden or vulnerability. & Age; deidentified-old flag; comorbidity count; Elixhauser score; chronic ICD/organ disease helpers; malignancy or immunosuppression; admission type. & Score at least 2 across age (ge 75) or old-age flag, comorbidity count (ge 2) or Elixhauser (ge 5), chronic disease helper, malignancy/immunosuppression helper, or emergency/urgent admission. & Electronic phenotyping context ; exact mix is project-specific and input-mode dependent. ",BOUNDARY_OR_IMPLEMENTATION_CONTEXT,banda_2018_electronic_phenotyping,REVIEW_OR_SURVEY,REVIEW_OR_SURVEY,YES,SUPPORTED,CANONICAL_SCOPE,None.
CC-4.9B-054,Chapter 5,MIMIC Proxy-State Rules and Validation Artifacts,"LAT_INFLAMMATION_SEPSIS & Inflammation, suspected infection, or sepsis-like burden. & Temperature, WBC, lactate, culture/suspected-infection flags, antibiotic/suspected-infection flags. & Score at least 2 across temperature (ge 38.3) or (<36), WBC (>12) or (<4), lactate (>2.0), culture evidence, or antibiotic evidence; requires infection/inflammation anchoring by culture, antibiotic, temperature, or WBC evidence. & Sepsis context ; not formal Sepsis-3 diagnosis. ",BOUNDARY_OR_IMPLEMENTATION_CONTEXT,singer_2016_sepsis3,PRIMARY_CLINICAL_DEFINITION,PRIMARY_CLINICAL_DEFINITION,YES,CONCEPTUAL_SUPPORT_ONLY,PROJECT_RULE_NOT_COMPLETE_DEFINITION,Keep rule wording project-specific and retain clinical-review gate.
CC-4.9B-055,Chapter 5,MIMIC Proxy-State Rules and Validation Artifacts,"LAT_GLOBAL_SEVERITY & Multi-domain acute physiologic severity. & Circulatory, respiratory, neurologic, renal, metabolic, inflammatory, hepatic/coagulation domains from summaries and helper flags. & At least 3 domains. Clauses include MAP (<70), SBP (le 100), vasopressors, SpO2 (<92), PF (le 300), mechanical ventilation, GCS (<15), RASS (le -3) or (ge 2), creatinine (ge 2.0), urine (<500), lactate (>2.0), pH (<7.30), bicarbonate (<18), inflammatory thresholds, bilirubin (ge 2.0), platelets (<100), or INR (ge 1.5). & Broad Sepsis-3/SOFA grounding ; not complete SOFA. ",BOUNDARY_OR_IMPLEMENTATION_CONTEXT,singer_2016_sepsis3;vincent_et_al_1996_sofa,PRIMARY_CLINICAL_DEFINITION,PRIMARY_CLINICAL_DEFINITION,YES,CONCEPTUAL_SUPPORT_ONLY,PROJECT_RULE_NOT_COMPLETE_DEFINITION,Keep rule wording project-specific and retain clinical-review gate.
CC-4.9B-056,Chapter 5,MIMIC Proxy-State Rules and Validation Artifacts,"LAT_SHOCK & Shock or hemodynamic instability. & MAP, SBP, sustained hypotension helper, vasopressors, lactate, urine output, pH, base excess. & Score at least 2, or vasopressor use plus tissue hypoperfusion, acidosis, or hypotension. Thresholds include MAP (<65), SBP (le 90), lactate (>2.0), urine (<500) in 24 hours or (<0.5) ml/kg/hour over 6 hours, pH (<7.30), base excess (le -5). & Shock/lactate grounding ; proxy rule remains source-specific. ",BOUNDARY_OR_IMPLEMENTATION_CONTEXT,singer_2016_sepsis3,PRIMARY_CLINICAL_DEFINITION,PRIMARY_CLINICAL_DEFINITION,YES,CONCEPTUAL_SUPPORT_ONLY,PROJECT_RULE_NOT_COMPLETE_DEFINITION,Keep rule wording project-specific and retain clinical-review gate.
CC-4.9B-057,Chapter 5,MIMIC Proxy-State Rules and Validation Artifacts,"LAT_RESPIRATORY_FAILURE & Respiratory failure or respiratory support. & SpO2, PF ratio, FiO2, mechanical/noninvasive ventilation, respiratory rate, PaCO2, pH. & Score at least 2, or respiratory support plus hypoxemia, oxygenation failure, or ventilatory failure. Thresholds include SpO2 (<92), PF (le 300), FiO2 (ge 0.5), RR (ge 30) or (le 8), and PaCO2 (ge 50) with pH (<7.30). & Respiratory phenotyping/ARDS context ; not adjudicated ARDS. ",BOUNDARY_OR_IMPLEMENTATION_CONTEXT,essay_mosier_subbian_2020_acute_respiratory_failure_phenotyping;ranieri_et_al_2012_berlin_ards,MIXED_AS_APPROPRIATE,APPLICATION_EXAMPLE;PRIMARY_CLINICAL_DEFINITION,YES,CONCEPTUAL_SUPPORT_ONLY,PROJECT_RULE_NOT_COMPLETE_DEFINITION,Keep rule wording project-specific and retain clinical-review gate.
CC-4.9B-058,Chapter 5,MIMIC Proxy-State Rules and Validation Artifacts,"LAT_RENAL_DYSFUNCTION & Renal dysfunction. & Creatinine maximum and delta, BUN, urine output, potassium, bicarbonate, dialysis/CRRT helper. & Score at least 2, or dialysis/CRRT present. Clauses include creatinine (ge 2.0) or delta (ge 0.3), BUN (ge 40), low urine output, potassium (ge 5.5), or bicarbonate (<18). & KDIGO grounding for creatinine/urine concepts ; not full KDIGO staging. ",BOUNDARY_OR_IMPLEMENTATION_CONTEXT,kdigo_2012_acute_kidney_injury,PRIMARY_CLINICAL_DEFINITION,PRIMARY_CLINICAL_DEFINITION,YES,CONCEPTUAL_SUPPORT_ONLY,PROJECT_RULE_NOT_COMPLETE_DEFINITION,Keep rule wording project-specific and retain clinical-review gate.
CC-4.9B-059,Chapter 5,MIMIC Proxy-State Rules and Validation Artifacts,"LAT_HEPATIC_COAG_DYSFUNCTION & Combined hepatic and coagulation dysfunction. & Bilirubin, AST, ALT, platelets, INR, PT/PTT helpers, albumin. & Score at least 2 across bilirubin (ge 2.0), AST or ALT (ge 120), platelets (<100), INR (ge 1.5) or PT/PTT prolonged, or albumin (<2.5). & SOFA and ISTH DIC context ; combined construct needs clinical review. ",BOUNDARY_OR_IMPLEMENTATION_CONTEXT,vincent_et_al_1996_sofa;taylor_et_al_2001_isth_dic,PRIMARY_CLINICAL_DEFINITION,PRIMARY_CLINICAL_DEFINITION,YES,CONCEPTUAL_SUPPORT_ONLY,PROJECT_RULE_NOT_COMPLETE_DEFINITION,Keep rule wording project-specific and retain clinical-review gate.
CC-4.9B-060,Chapter 5,MIMIC Proxy-State Rules and Validation Artifacts,"LAT_NEUROLOGIC_DYSFUNCTION & Neurologic dysfunction with sedation caveat. & GCS, GCS component abnormality, RASS, pupil/focal-neurologic helper, sedation/intubation helper. & Score at least 2. GCS (le 8) counts twice; GCS (le 13), abnormal GCS component, RASS (le -3) or (ge 2), and pupil/focal abnormality contribute. A single sedation/intubation-confounded point is not sufficient. & SOFA neurologic context ; sedation ambiguity remains. ",BOUNDARY_OR_IMPLEMENTATION_CONTEXT,vincent_et_al_1996_sofa,PRIMARY_CLINICAL_DEFINITION,PRIMARY_CLINICAL_DEFINITION,YES,CONCEPTUAL_SUPPORT_ONLY,PROJECT_RULE_NOT_COMPLETE_DEFINITION,Keep rule wording project-specific and retain clinical-review gate.
CC-4.9B-061,Chapter 6,Self-Supervised STraTS Pretraining,"STraTS represents an irregular time series as a set of observed measurement tokens rather than as a fully imputed grid.  The implemented STraTS class constructs each token by adding three learned components: a continuous embedding of measurement time, a continuous embedding of the normalized measurement value, and an embedding of the variable identity.  The token sequence is contextualized with a transformer-style block and then pooled with fusion attention to obtain a fixed-dimensional time-series representation .  Static covariates are combined with this representation before either the self-supervised forecasting head or the supervised proxy-label head is applied.",BOUNDARY_OR_IMPLEMENTATION_CONTEXT,tipirneni2022strats,PRIMARY_METHOD,PRIMARY_METHOD,YES,SUPPORTED,CANONICAL_SCOPE,None.
CC-4.9B-062,Chapter 6,Supervised Multi-Label Models,"The STraTS supervised backend uses the irregular observation triplets described in Section ref{sec:predictive-modeling-proxy-states:self-supervised-strats-pretraining}: time, value, and variable embeddings, transformer contextualization, fusion attention, and static-feature combination .  The istrats branch shares the same triplet construction and fusion-attention module, but its verified pooling and static-feature path differ as described above.  The current final artifact archive contains STraTS prediction CSVs, while an iSTraTS final prediction artifact was not found during this stage.",BOUNDARY_OR_IMPLEMENTATION_CONTEXT,tipirneni2022strats,PRIMARY_METHOD,PRIMARY_METHOD,YES,SUPPORTED,CANONICAL_SCOPE,None.
CC-4.9B-063,Chapter 6,Supervised Multi-Label Models,"The GRU baseline uses a dense hourly grid rather than the raw irregular token set.  For each hour and variable, the loader builds value, observation-mask, and elapsed-time-since-observation channels, mean-fills unobserved values from training data, normalizes the filled values, and concatenates the three channel groups before passing them to a gated recurrent unit .  The final recurrent hidden state is concatenated with the static-feature embedding and projected through the shared supervised head.",BOUNDARY_OR_IMPLEMENTATION_CONTEXT,cho2014gru,PRIMARY_METHOD,PRIMARY_METHOD,YES,SUPPORTED,CANONICAL_SCOPE,None.
CC-4.9B-064,Chapter 6,Supervised Multi-Label Models,"The GRU-D backend uses a model-specific irregular sequence representation containing observed values, missingness masks, elapsed-time tensors, sequence lengths, and static covariates .  The implemented cell updates last observed values, applies learned exponential decay to inputs and hidden states as a function of elapsed time, and includes missingness masks in the recurrent gates.  The representation passed to the supervised head is the final valid recurrent state for each sequence combined with the static-feature embedding.",BOUNDARY_OR_IMPLEMENTATION_CONTEXT,che2018grud,PRIMARY_METHOD,PRIMARY_METHOD,YES,SUPPORTED,CANONICAL_SCOPE,None.
CC-4.9B-065,Chapter 6,Supervised Multi-Label Models,"The TCN baseline uses the same dense hourly value, observation-mask, and elapsed-time representation as the GRU baseline, but processes the sequence with temporal convolutional residual blocks .  The implementation permutes the dense grid into channel-first form, applies a temporal convolutional network, takes the last temporal embedding, and concatenates it with the static-feature embedding before projection to proxy-label logits.",BOUNDARY_OR_IMPLEMENTATION_CONTEXT,bai2018tcn,PRIMARY_METHOD,PRIMARY_METHOD,YES,SUPPORTED,CANONICAL_SCOPE,None.
CC-4.9B-066,Chapter 6,Supervised Multi-Label Models,"The SAnD backend also consumes the dense hourly representation.  It applies a one-dimensional input embedding, learned positional encoding, masked attention blocks constrained by a local attention window, and dense interpolation over a fixed number of reference positions before combining the resulting time-series representation with static covariates .  In this repository, SAnD is therefore an attention-based dense-grid comparator rather than an irregular-token model.",BOUNDARY_OR_IMPLEMENTATION_CONTEXT,song2018sand,PRIMARY_METHOD,PRIMARY_METHOD,YES,SUPPORTED,CANONICAL_SCOPE,None.
CC-4.9B-067,Chapter 6,Supervised Multi-Label Models,"STraTS & Irregular observation tokens built from time, value, and variable embeddings; observation masks handle padding, and fusion attention pools contextualized tokens. & Learned demographic embedding is concatenated with the pooled representation; self-supervised pretraining is supported. & .  Implementation confirmed; wrappers and archived STraTS outputs present; final checkpoint-to-export manifest incomplete. ",BOUNDARY_OR_IMPLEMENTATION_CONTEXT,tipirneni2022strats,PRIMARY_METHOD,PRIMARY_METHOD,YES,SUPPORTED,CANONICAL_SCOPE,None.
CC-4.9B-068,Chapter 6,Supervised Multi-Label Models,"GRU & Dense hourly grid with value, observation-mask, and elapsed-time channels; unobserved values are mean-filled before normalization. & Learned demographic embedding is concatenated with the final recurrent state; pretraining is not supported by the current guard. & .  Implementation confirmed; archived GRU prediction CSVs present; export provenance incomplete. ",BOUNDARY_OR_IMPLEMENTATION_CONTEXT,cho2014gru,PRIMARY_METHOD,PRIMARY_METHOD,YES,SUPPORTED,CANONICAL_SCOPE,None.
CC-4.9B-069,Chapter 6,Supervised Multi-Label Models,"GRU-D & Irregular sequence of value, mask, elapsed-time, and sequence-length tensors; learned decays and masks enter the recurrent update. & Learned demographic embedding is concatenated with the final valid recurrent state; pretraining is not supported by the current guard. & .  Implementation confirmed; archived GRU-D prediction CSVs present; export provenance incomplete. ",BOUNDARY_OR_IMPLEMENTATION_CONTEXT,che2018grud,PRIMARY_METHOD,PRIMARY_METHOD,YES,SUPPORTED,CANONICAL_SCOPE,None.
CC-4.9B-070,Chapter 6,Supervised Multi-Label Models,"TCN & Dense hourly grid with value, observation-mask, and elapsed-time channels processed by temporal convolutional residual blocks. & Learned demographic embedding is concatenated with the last convolutional embedding; pretraining is not supported by the current guard. & .  Implementation confirmed; archived TCN prediction CSVs present; export provenance incomplete. ",BOUNDARY_OR_IMPLEMENTATION_CONTEXT,bai2018tcn,PRIMARY_METHOD,PRIMARY_METHOD,YES,SUPPORTED,CANONICAL_SCOPE,None.
CC-4.9B-071,Chapter 6,Supervised Multi-Label Models,"SAnD & Dense hourly grid with input embedding, positional encoding, masked attention, and dense interpolation; mask/delta channels come from the loader. & Learned demographic embedding is concatenated after dense interpolation; pretraining is not supported by the current guard. & .  Implementation confirmed; archived SAnD prediction CSVs present; export provenance incomplete. ",BOUNDARY_OR_IMPLEMENTATION_CONTEXT,song2018sand,PRIMARY_METHOD,PRIMARY_METHOD,YES,SUPPORTED,CANONICAL_SCOPE,None.
CC-4.9B-072,Chapter 7,Dataset-Specific DAGs,"This separation is important because the main exposure variables in the causal stage are binary proxy states rather than randomized treatments.  In the causal code, each selected proxy state is treated as a binary exposure (A), the outcome is in-hospital mortality (Y), and the graph is used to identify candidate pre-exposure background or latent proxy variables for adjustment.  The thesis follows the graphical language of Pearl's DAG and backdoor framework while retaining the cautions around observational, proxy-defined exposures and well-defined interventions discussed by Hernan and Taubman .  These cautions are especially relevant here because several variables named as ``treatments'' in the code are clinically closer to patient states or care-process proxies than to assigned therapeutic interventions.",BOUNDARY_OR_IMPLEMENTATION_CONTEXT,pearl_1995_causal_diagrams;hernan_taubman_2008_well_defined_interventions,PRIMARY_METHOD,PRIMARY_METHOD,YES,SUPPORTED_WITH_BOUNDARY,GENERAL_SOURCE_NOT_LOCAL_VALIDATION,"Retain distinction between cited concept and local implementation, DAG, or estimate."
CC-4.9B-073,Chapter 7,Matching and Heterogeneous-Effect Estimators,"For model-based heterogeneous effects, the pipeline includes EconML double-machine-learning estimators and an exploratory CausalPFN branch.  Double machine learning estimates nuisance outcome and treatment models and then estimates treatment effects after residualization, reducing sensitivity to nuisance-model overfitting under appropriate assumptions .  The LinearDML branch uses random-forest nuisance models with a linear final effect model.  The CausalForestDML branch uses the same random-forest nuisance-model family and a causal forest final stage, drawing on generalized random-forest and causal-forest ideas for heterogeneous treatment effects .  This modeling choice is consistent with the broader use of machine learning for individualized treatment-effect estimation in electronic health record and critical-care settings, while still requiring domain-specific validation .",BOUNDARY_OR_IMPLEMENTATION_CONTEXT,chernozhukov2018dml;oprescu_et_al_2019_econml;wager2018causalforest;athey2019grf;smit_2023_causal_inference_icu_scoping_review;bica_2021_individualized_treatment_effects_ehr_ml;lipkovich_2024_modern_hte_methods;curth_2024_ml_individualized_treatment_effects;iwashyna_2015_hte_critical_care,MIXED_AS_APPROPRIATE,PRIMARY_METHOD;REVIEW_OR_SURVEY;SOFTWARE_IMPLEMENTATION,YES,SUPPORTED_WITH_BOUNDARY,GENERAL_SOURCE_NOT_LOCAL_VALIDATION,"Retain distinction between cited concept and local implementation, DAG, or estimate."
CC-4.9B-074,Chapter 8,Overlap and Support Diagnostics,"Dedicated propensity-score distributions, common-support plots, covariate balance before and after matching, standardized mean differences, weighting effective sample sizes, treatment-probability histograms, and formal positivity diagnostics were not found in the approved archive.  Not every analysis necessarily requires every one of these diagnostics, but their absence limits the strength of overlap claims.  Limited overlap is a general concern for observational effect estimation, not evidence that this repository satisfies positivity .",BOUNDARY_OR_IMPLEMENTATION_CONTEXT,crump_et_al_2009_limited_overlap,PRIMARY_METHOD,PRIMARY_METHOD,YES,SUPPORTED_WITH_BOUNDARY,GENERAL_SOURCE_NOT_LOCAL_VALIDATION,"Retain distinction between cited concept and local implementation, DAG, or estimate."
CC-4.9B-075,Chapter 8,Sensitivity and Robustness Values,"The repository separates several evidence layers that should not be collapsed into the statement that an estimator ``produced sensitivity results'': (1) estimator-method availability recorded during fitting; (2) values called directly from the fitted estimator during training; (3) serialized estimator parameters or residuals; (4) later saved-artifact analysis; (5) a fallback or reconstructed diagnostic; (6) benchmark-confounder comparison; and (7) a rendered sensitivity contour.  Robustness-value and omitted-variable-bias sensitivity concepts provide a useful framework for this work , but these references do not establish the correctness of local artifacts or assumptions.",BOUNDARY_OR_IMPLEMENTATION_CONTEXT,cinelli_hazlett_2020_sensitivity;chernozhukov_et_al_2026_ovb_causal_ml,PRIMARY_METHOD,PRIMARY_METHOD,YES,SUPPORTED_WITH_BOUNDARY,GENERAL_SOURCE_NOT_LOCAL_VALIDATION,"Retain distinction between cited concept and local implementation, DAG, or estimate."
CC-4.9B-076,Chapter 8,Sensitivity and Robustness Values,"During non-PFN fitting, cate_estimation.py records whether robustness_value, sensitivity_interval, sensitivity_summary, summary, and residual access are available.  It records direct-call values, source labels, unavailable-API errors, a serializable sensitivity-parameter snapshot when exposed, residual availability, estimator metadata, artifact schema version, and package/environment fields.  The per-treatment model artifact and the run-level control-message CSV preserve these fields.  A non-null value must therefore be interpreted together with its recorded source and status; it is not enough to inspect a numerical cell alone.  EconML is the relevant software context for the DML and causal-forest branches, distinct from a claim that the software validates local identification .",BOUNDARY_OR_IMPLEMENTATION_CONTEXT,oprescu_et_al_2019_econml,SOFTWARE_IMPLEMENTATION,SOFTWARE_IMPLEMENTATION,YES,SUPPORTED_WITH_BOUNDARY,GENERAL_SOURCE_NOT_LOCAL_VALIDATION,"Retain distinction between cited concept and local implementation, DAG, or estimate."
CC-4.9B-077,Chapter 8,Permutation Checks and Reproducibility Validation,"The script captures nonzero subprocess return codes and summary-schema failures as errors rather than silently using incomplete trial data.  It supports the LinearDML and CausalForest paths; CausalPFN is excluded by the orchestrator from saved-CATE analysis and permutations.  The resulting aggregate CSVs are diagnostic artifacts, not final effect tables.  They can indicate whether similarly structured outputs arise after a key relationship is disrupted.  They do not prove that an original effect is causal, that the DAG is correct, that confounding is controlled, that the estimator is calibrated, that the proxy exposure is clinically valid, or that an original result is unbiased.  In this limited sense they are negative-control-like disruptions or null-reference exercises, not formal randomization tests.  A model--identify--estimate--refute workflow motivates such checks at a general level, but does not show that this repository implements DoWhy .",BOUNDARY_OR_IMPLEMENTATION_CONTEXT,sharma_kiciman_2020_dowhy,SOFTWARE_IMPLEMENTATION,SOFTWARE_IMPLEMENTATION,YES,SUPPORTED_WITH_BOUNDARY,GENERAL_SOURCE_NOT_LOCAL_VALIDATION,"Retain distinction between cited concept and local implementation, DAG, or estimate."
CC-4.9B-078,Chapter 11,"Answering the Research Questions: Proxy-State Construction, Prediction, and Aggregation","Rule-based proxy states were implemented consistently enough to act as supervised prediction labels, algorithmic majority-vote inputs, and downstream exposure variables.  Deterministic source rules and stable LAT_* schemas make this pipeline consistency inspectable.  The answer is nevertheless unresolved clinically: the two datasets use different proxy ontologies and available measurements; threshold rules may misclassify constructs; PhysioNet has fewer validation artifacts; clinical review remains incomplete; and no chart-adjudicated reference labels were archived.  These are clinically inspired proxy states, not diagnoses, ground truth, or validated phenotypes.  This positioning is consistent with electronic-phenotyping and rule-based phenotype work, while the aggregation layer shares only the broad weak-supervision objective and does not implement a learned Snorkel label model .",BOUNDARY_OR_IMPLEMENTATION_CONTEXT,banda_2018_electronic_phenotyping;essay_mosier_subbian_2020_acute_respiratory_failure_phenotyping;ratner_et_al_2020_snorkel,MIXED_AS_APPROPRIATE,APPLICATION_EXAMPLE;PRIMARY_METHOD;REVIEW_OR_SURVEY,YES,SUPPORTED_WITH_BOUNDARY,GENERAL_SOURCE_NOT_LOCAL_VALIDATION,"Retain distinction between cited concept and local implementation, DAG, or estimate."
CC-4.9B-079,Chapter 11,"Answering the Research Questions: Proxy-State Construction, Prediction, and Aggregation","The checked comparison included STraTS, GRU, GRU-D, TCN, and SAnD.  STraTS led the four archived test metrics in MIMIC-III, whereas GRU-D led them in PhysioNet.  The leading architecture therefore differed by dataset.  This is empirically supported evidence that representation choice is dataset dependent, not evidence for universal model superiority.  Handling irregularity or missingness can be useful in several ways, and prior work distinguishes sparse-token representations from missingness-aware recurrent processing .  The local comparison does not reproduce the original papers' benchmark tasks exactly.",BOUNDARY_OR_IMPLEMENTATION_CONTEXT,sun_2026_review_irregular_medical_timeseries;lipton_kale_wetzel_2016_missingness_rnns;tipirneni2022strats;che2018grud,MIXED_AS_APPROPRIATE,PRIMARY_METHOD;REVIEW_OR_SURVEY,YES,SUPPORTED_WITH_BOUNDARY,GENERAL_SOURCE_NOT_LOCAL_VALIDATION,"Retain distinction between cited concept and local implementation, DAG, or estimate."
CC-4.9B-080,Chapter 11,Answering the Research Questions: Adjusted Effect Estimation and Estimator Agreement,"Dataset-specific, source-coded DAGs select treatment-specific observed adjustment sets from columns available in each analysis frame.  The active graph code is the implementation authority; LLM prompt outputs provide design provenance only.  The graphs were neither learned from the data nor clinically or empirically validated, and the adjustment sets differ across exposures.  Several checked rows contain empty observed adjustment sets, while treatment-specific identifiability remains unresolved throughout the checked packet.  The answer is thus conditional on assumptions: a computed set documents how the project applied its graph, but it does not prove exchangeability or the absence of unmeasured confounding .",BOUNDARY_OR_IMPLEMENTATION_CONTEXT,pearl_1995_causal_diagrams,PRIMARY_METHOD,PRIMARY_METHOD,YES,SUPPORTED_WITH_BOUNDARY,GENERAL_SOURCE_NOT_LOCAL_VALIDATION,"Retain distinction between cited concept and local implementation, DAG, or estimate."
CC-4.9B-081,Chapter 11,Answering the Research Questions: Adjusted Effect Estimation and Estimator Agreement,"Sensitivity and permutation evidence adds layers rather than closure.  DML sensitivity outputs were saved-training direct, reconstructed, partial, or failed depending on the exposure, and reconstructed diagnostics are not identical to estimator-native calculations.  Benchmark-confounder comparisons supply a scale, not proof that omitted-variable bias is absent.  Treatment and outcome permutations provide disruption-based sanity checks for the DML estimators, but the archived procedure is not automatically a formal randomization test and does not establish identification.  The corresponding CausalPFN stages were intentionally skipped.  Finally, matching fields provide indirect support evidence, but dedicated propensity, common-support, and balance plots were not archived; positivity remains unestablished .",BOUNDARY_OR_IMPLEMENTATION_CONTEXT,crump_et_al_2009_limited_overlap;cinelli_hazlett_2020_sensitivity;chernozhukov_et_al_2026_ovb_causal_ml,PRIMARY_METHOD,PRIMARY_METHOD,YES,SUPPORTED_WITH_BOUNDARY,GENERAL_SOURCE_NOT_LOCAL_VALIDATION,"Retain distinction between cited concept and local implementation, DAG, or estimate."
CC-4.9B-082,Chapter 11,Answering the Research Questions: Relationship to Prior Work and Methodological Implications,"These implications align with the wider emphasis on explicit intervention definitions and target-trial thinking in observational research .  They also address difficulties identified in observational ICU causal analysis and machine-learning HTE research: defining the target question, controlling bias, validating heterogeneity, handling covariate shift, and distinguishing predictive variation from actionable treatment-effect variation .  The literature supplies methodological context; it does not validate this project's proxy labels, graphs, estimates, or local execution.  Accordingly, the framework should be described as an auditable research workflow rather than a generally validated clinical methodology.",BOUNDARY_OR_IMPLEMENTATION_CONTEXT,hernan_robins_2016_target_trial;hernan_taubman_2008_well_defined_interventions;smit_2023_causal_inference_icu_scoping_review;bica_2021_individualized_treatment_effects_ehr_ml;lipkovich_2024_modern_hte_methods;curth_2024_ml_individualized_treatment_effects;iwashyna_2015_hte_critical_care,MIXED_AS_APPROPRIATE,PRIMARY_METHOD;REVIEW_OR_SURVEY,YES,SUPPORTED_WITH_BOUNDARY,GENERAL_SOURCE_NOT_LOCAL_VALIDATION,"Retain distinction between cited concept and local implementation, DAG, or estimate."
