dataset,estimator,sampling_condition,treatment,analysis_status,diagnostic_name,diagnostic_value,diagnostic_lower,diagnostic_upper,diagnostic_source,estimator_native,saved_training_direct,recomputed,fallback,benchmark_variable,benchmark_status,residual_status,contour_path,contour_sha256,warnings,source_path,row_validation_status,selection_status,admission_status,caveat_codes,notes
mimic,CausalForestDML,original,LAT_CARDIAC_STRAIN,PARTIAL,benchmark_summary,0.24699020385742188,0.17377370645244683,0.27001375481782114,saved_training_direct;saved_training_direct;custom_reconstructed_from_residual_params,False,True,True,False,Age,unimplemented_by_design,saved_training_direct,final-results/causal-outputs/outputs-mimic-forest/analyze_cate_results/LAT_CARDIAC_STRAIN/LAT_CARDIAC_STRAIN_sensitivity_contour.png,ac63b26bf7f66ba88ec99ff858e2eedba129919fd5b7f11954348ff660e31687,Stage 2 real benchmark extraction is currently unimplemented by design in this analysis pipeline for econml in thesis310; this is not a loaded-artifact extraction failure. | Contour plot used a custom reconstructed matplotlib grid from sensitivity parameters with source 'custom_reconstructed_from_residual_params'.,final-results/causal-outputs/outputs-mimic-forest/analyze_cate_results/benchmark_summary.csv,BENCHMARK_AND_CONTROL_MESSAGE_SCHEMA_VALIDATED,SUPPORTING_APPENDIX,PENDING_HUMAN_SELECTION,SENSITIVITY_SOURCE_CLASSIFICATION_RECORDED;REAL_BENCHMARK_MAY_BE_UNIMPLEMENTED,Control-message source: final-results/causal-outputs/outputs-mimic-forest/analyze_cate_results/control_messages_analyze_cate_results.csv; numerical values copied without recomputation.
mimic,CausalForestDML,original,LAT_GLOBAL_SEVERITY,PARTIAL,benchmark_summary,0.04920196533203125,-0.0006821493632946166,0.09892454397874587,saved_training_direct;saved_training_direct;custom_reconstructed_from_residual_params,False,True,True,False,LAT_INFLAMMATION_SEPSIS,unimplemented_by_design,saved_training_direct,final-results/causal-outputs/outputs-mimic-forest/analyze_cate_results/LAT_GLOBAL_SEVERITY/LAT_GLOBAL_SEVERITY_sensitivity_contour.png,b187d391ecb64948d85aee2081f2c7048a922c3352284ef97c987a72429f0007,Stage 2 real benchmark extraction is currently unimplemented by design in this analysis pipeline for econml in thesis310; this is not a loaded-artifact extraction failure. | Contour plot used a custom reconstructed matplotlib grid from sensitivity parameters with source 'custom_reconstructed_from_residual_params'.,final-results/causal-outputs/outputs-mimic-forest/analyze_cate_results/benchmark_summary.csv,BENCHMARK_AND_CONTROL_MESSAGE_SCHEMA_VALIDATED,SUPPORTING_APPENDIX,PENDING_HUMAN_SELECTION,SENSITIVITY_SOURCE_CLASSIFICATION_RECORDED;REAL_BENCHMARK_MAY_BE_UNIMPLEMENTED,Control-message source: final-results/causal-outputs/outputs-mimic-forest/analyze_cate_results/control_messages_analyze_cate_results.csv; numerical values copied without recomputation.
mimic,CausalForestDML,original,LAT_HEPATIC_COAG_DYSFUNCTION,PARTIAL,benchmark_summary,0.12412166595458984,0.059344123972981305,0.1528905733156602,saved_training_direct;saved_training_direct;custom_reconstructed_from_residual_params,False,True,True,False,LAT_INFLAMMATION_SEPSIS,unimplemented_by_design,saved_training_direct,final-results/causal-outputs/outputs-mimic-forest/analyze_cate_results/LAT_HEPATIC_COAG_DYSFUNCTION/LAT_HEPATIC_COAG_DYSFUNCTION_sensitivity_contour.png,86d321935a0abd0677d9e6346755a4211b8c2dd2f8a48d0c61cf509d4032917c,Stage 2 real benchmark extraction is currently unimplemented by design in this analysis pipeline for econml in thesis310; this is not a loaded-artifact extraction failure. | Contour plot used a custom reconstructed matplotlib grid from sensitivity parameters with source 'custom_reconstructed_from_residual_params'.,final-results/causal-outputs/outputs-mimic-forest/analyze_cate_results/benchmark_summary.csv,BENCHMARK_AND_CONTROL_MESSAGE_SCHEMA_VALIDATED,SUPPORTING_APPENDIX,PENDING_HUMAN_SELECTION,SENSITIVITY_SOURCE_CLASSIFICATION_RECORDED;REAL_BENCHMARK_MAY_BE_UNIMPLEMENTED,Control-message source: final-results/causal-outputs/outputs-mimic-forest/analyze_cate_results/control_messages_analyze_cate_results.csv; numerical values copied without recomputation.
mimic,CausalForestDML,original,LAT_INFLAMMATION_SEPSIS,FAILED,benchmark_summary,,,,,False,False,False,False,,,,,,Loaded estimator residuals_ unavailable: ValueError: Estimator residuals_ returned W=None | Used compatibility refit with cache_values=True to test direct sensitivity APIs in thesis310 and recover residual-space diagnostics when needed. | ValueError: Estimator residuals_ returned W=None,final-results/causal-outputs/outputs-mimic-forest/analyze_cate_results/benchmark_summary.csv,BENCHMARK_AND_CONTROL_MESSAGE_SCHEMA_VALIDATED,SUPPORTING_APPENDIX,PENDING_HUMAN_SELECTION,SENSITIVITY_SOURCE_CLASSIFICATION_RECORDED;REAL_BENCHMARK_MAY_BE_UNIMPLEMENTED,Control-message source: final-results/causal-outputs/outputs-mimic-forest/analyze_cate_results/control_messages_analyze_cate_results.csv; numerical values copied without recomputation.
mimic,CausalForestDML,original,LAT_METABOLIC_DERANGEMENT,PARTIAL,benchmark_summary,0.009970664978027344,-0.03897188055411357,0.08106964998438565,saved_training_direct;saved_training_direct;custom_reconstructed_from_residual_params,False,True,True,False,LAT_RESPIRATORY_FAILURE,unimplemented_by_design,saved_training_direct,final-results/causal-outputs/outputs-mimic-forest/analyze_cate_results/LAT_METABOLIC_DERANGEMENT/LAT_METABOLIC_DERANGEMENT_sensitivity_contour.png,954ee8f4ca04c1e4e01560154784b7e551ab4b5ed722ab283b2da9cbcd368d25,Stage 2 real benchmark extraction is currently unimplemented by design in this analysis pipeline for econml in thesis310; this is not a loaded-artifact extraction failure. | Contour plot used a custom reconstructed matplotlib grid from sensitivity parameters with source 'custom_reconstructed_from_residual_params'.,final-results/causal-outputs/outputs-mimic-forest/analyze_cate_results/benchmark_summary.csv,BENCHMARK_AND_CONTROL_MESSAGE_SCHEMA_VALIDATED,SUPPORTING_APPENDIX,PENDING_HUMAN_SELECTION,SENSITIVITY_SOURCE_CLASSIFICATION_RECORDED;REAL_BENCHMARK_MAY_BE_UNIMPLEMENTED,Control-message source: final-results/causal-outputs/outputs-mimic-forest/analyze_cate_results/control_messages_analyze_cate_results.csv; numerical values copied without recomputation.
mimic,CausalForestDML,original,LAT_NEUROLOGIC_DYSFUNCTION,PARTIAL,benchmark_summary,0.03519916534423828,-0.0121474267361347,0.08890217031100123,saved_training_direct;saved_training_direct;custom_reconstructed_from_residual_params,False,True,True,False,LAT_GLOBAL_SEVERITY,unimplemented_by_design,saved_training_direct,final-results/causal-outputs/outputs-mimic-forest/analyze_cate_results/LAT_NEUROLOGIC_DYSFUNCTION/LAT_NEUROLOGIC_DYSFUNCTION_sensitivity_contour.png,233962975ac1e810fdd481c6d63c092cc65bd8037faa566a6e031ffa720c30c6,Stage 2 real benchmark extraction is currently unimplemented by design in this analysis pipeline for econml in thesis310; this is not a loaded-artifact extraction failure. | Contour plot used a custom reconstructed matplotlib grid from sensitivity parameters with source 'custom_reconstructed_from_residual_params'.,final-results/causal-outputs/outputs-mimic-forest/analyze_cate_results/benchmark_summary.csv,BENCHMARK_AND_CONTROL_MESSAGE_SCHEMA_VALIDATED,SUPPORTING_APPENDIX,PENDING_HUMAN_SELECTION,SENSITIVITY_SOURCE_CLASSIFICATION_RECORDED;REAL_BENCHMARK_MAY_BE_UNIMPLEMENTED,Control-message source: final-results/causal-outputs/outputs-mimic-forest/analyze_cate_results/control_messages_analyze_cate_results.csv; numerical values copied without recomputation.
mimic,CausalForestDML,original,LAT_RENAL_DYSFUNCTION,PARTIAL,benchmark_summary,0.11994552612304688,0.05371042421161072,0.14249507189785168,saved_training_direct;saved_training_direct;custom_reconstructed_from_residual_params,False,True,True,False,LAT_SHOCK,unimplemented_by_design,saved_training_direct,final-results/causal-outputs/outputs-mimic-forest/analyze_cate_results/LAT_RENAL_DYSFUNCTION/LAT_RENAL_DYSFUNCTION_sensitivity_contour.png,dd574d6289d73746de654e8f88278d028eaa482571d0c0dd00e2ffcb45496dcd,Stage 2 real benchmark extraction is currently unimplemented by design in this analysis pipeline for econml in thesis310; this is not a loaded-artifact extraction failure. | Contour plot used a custom reconstructed matplotlib grid from sensitivity parameters with source 'custom_reconstructed_from_residual_params'.,final-results/causal-outputs/outputs-mimic-forest/analyze_cate_results/benchmark_summary.csv,BENCHMARK_AND_CONTROL_MESSAGE_SCHEMA_VALIDATED,SUPPORTING_APPENDIX,PENDING_HUMAN_SELECTION,SENSITIVITY_SOURCE_CLASSIFICATION_RECORDED;REAL_BENCHMARK_MAY_BE_UNIMPLEMENTED,Control-message source: final-results/causal-outputs/outputs-mimic-forest/analyze_cate_results/control_messages_analyze_cate_results.csv; numerical values copied without recomputation.
mimic,CausalForestDML,original,LAT_RESPIRATORY_FAILURE,PARTIAL,benchmark_summary,0.02617359161376953,-0.023518558561068846,0.09646859132548591,saved_training_direct;saved_training_direct;custom_reconstructed_from_residual_params,False,True,True,False,LAT_GLOBAL_SEVERITY,unimplemented_by_design,saved_training_direct,final-results/causal-outputs/outputs-mimic-forest/analyze_cate_results/LAT_RESPIRATORY_FAILURE/LAT_RESPIRATORY_FAILURE_sensitivity_contour.png,f0bb61ec6b7b0c37ece48be3e3d0470322512193b77e6ebb8f44e957ccf6625a,Stage 2 real benchmark extraction is currently unimplemented by design in this analysis pipeline for econml in thesis310; this is not a loaded-artifact extraction failure. | Contour plot used a custom reconstructed matplotlib grid from sensitivity parameters with source 'custom_reconstructed_from_residual_params'.,final-results/causal-outputs/outputs-mimic-forest/analyze_cate_results/benchmark_summary.csv,BENCHMARK_AND_CONTROL_MESSAGE_SCHEMA_VALIDATED,SUPPORTING_APPENDIX,PENDING_HUMAN_SELECTION,SENSITIVITY_SOURCE_CLASSIFICATION_RECORDED;REAL_BENCHMARK_MAY_BE_UNIMPLEMENTED,Control-message source: final-results/causal-outputs/outputs-mimic-forest/analyze_cate_results/control_messages_analyze_cate_results.csv; numerical values copied without recomputation.
mimic,CausalForestDML,original,LAT_SHOCK,PARTIAL,benchmark_summary,0.017325401306152344,-0.026659025617024955,0.07205271623403411,saved_training_direct;saved_training_direct;custom_reconstructed_from_residual_params,False,True,True,False,LAT_INFLAMMATION_SEPSIS,unimplemented_by_design,saved_training_direct,final-results/causal-outputs/outputs-mimic-forest/analyze_cate_results/LAT_SHOCK/LAT_SHOCK_sensitivity_contour.png,3a70761b411ae6eb6ec34d8fa4e752cbc2d2d2a8f2bca6b77f49c60d213cfb80,Stage 2 real benchmark extraction is currently unimplemented by design in this analysis pipeline for econml in thesis310; this is not a loaded-artifact extraction failure. | Contour plot used a custom reconstructed matplotlib grid from sensitivity parameters with source 'custom_reconstructed_from_residual_params'.,final-results/causal-outputs/outputs-mimic-forest/analyze_cate_results/benchmark_summary.csv,BENCHMARK_AND_CONTROL_MESSAGE_SCHEMA_VALIDATED,SUPPORTING_APPENDIX,PENDING_HUMAN_SELECTION,SENSITIVITY_SOURCE_CLASSIFICATION_RECORDED;REAL_BENCHMARK_MAY_BE_UNIMPLEMENTED,Control-message source: final-results/causal-outputs/outputs-mimic-forest/analyze_cate_results/control_messages_analyze_cate_results.csv; numerical values copied without recomputation.
mimic,CausalForestDML,outcome-downsampled,LAT_CARDIAC_STRAIN,PARTIAL,benchmark_summary,0.3116493225097656,0.3232872433320194,0.47710996218093105,saved_training_direct;saved_training_direct;custom_reconstructed_from_residual_params,False,True,True,False,Age,unimplemented_by_design,saved_training_direct,final-results/causal-outputs/outputs-mimic-forest-downsample/analyze_cate_results/LAT_CARDIAC_STRAIN/LAT_CARDIAC_STRAIN_sensitivity_contour.png,f841d4856db605a9b8fb4bba7613b6b07d2d23c116d63a3d10dc5542f4d6a0c0,Stage 2 real benchmark extraction is currently unimplemented by design in this analysis pipeline for econml in thesis310; this is not a loaded-artifact extraction failure. | Contour plot used a custom reconstructed matplotlib grid from sensitivity parameters with source 'custom_reconstructed_from_residual_params'.,final-results/causal-outputs/outputs-mimic-forest-downsample/analyze_cate_results/benchmark_summary.csv,BENCHMARK_AND_CONTROL_MESSAGE_SCHEMA_VALIDATED,ROBUSTNESS_APPENDIX,PENDING_HUMAN_SELECTION,SENSITIVITY_SOURCE_CLASSIFICATION_RECORDED;REAL_BENCHMARK_MAY_BE_UNIMPLEMENTED,Control-message source: final-results/causal-outputs/outputs-mimic-forest-downsample/analyze_cate_results/control_messages_analyze_cate_results.csv; numerical values copied without recomputation.
mimic,CausalForestDML,outcome-downsampled,LAT_GLOBAL_SEVERITY,PARTIAL,benchmark_summary,0.0877676010131836,0.05260695959565419,0.2471467920784944,saved_training_direct;saved_training_direct;custom_reconstructed_from_residual_params,False,True,True,False,LAT_INFLAMMATION_SEPSIS,unimplemented_by_design,saved_training_direct,final-results/causal-outputs/outputs-mimic-forest-downsample/analyze_cate_results/LAT_GLOBAL_SEVERITY/LAT_GLOBAL_SEVERITY_sensitivity_contour.png,cf6776f9a55aebe72454803b9c660958bf782b8f9b8e89fb99d7fd9915b40de9,Stage 2 real benchmark extraction is currently unimplemented by design in this analysis pipeline for econml in thesis310; this is not a loaded-artifact extraction failure. | Contour plot used a custom reconstructed matplotlib grid from sensitivity parameters with source 'custom_reconstructed_from_residual_params'.,final-results/causal-outputs/outputs-mimic-forest-downsample/analyze_cate_results/benchmark_summary.csv,BENCHMARK_AND_CONTROL_MESSAGE_SCHEMA_VALIDATED,ROBUSTNESS_APPENDIX,PENDING_HUMAN_SELECTION,SENSITIVITY_SOURCE_CLASSIFICATION_RECORDED;REAL_BENCHMARK_MAY_BE_UNIMPLEMENTED,Control-message source: final-results/causal-outputs/outputs-mimic-forest-downsample/analyze_cate_results/control_messages_analyze_cate_results.csv; numerical values copied without recomputation.
mimic,CausalForestDML,outcome-downsampled,LAT_HEPATIC_COAG_DYSFUNCTION,PARTIAL,benchmark_summary,0.14838409423828125,0.11195468358806901,0.26915931101292406,saved_training_direct;saved_training_direct;custom_reconstructed_from_residual_params,False,True,True,False,LAT_INFLAMMATION_SEPSIS,unimplemented_by_design,saved_training_direct,final-results/causal-outputs/outputs-mimic-forest-downsample/analyze_cate_results/LAT_HEPATIC_COAG_DYSFUNCTION/LAT_HEPATIC_COAG_DYSFUNCTION_sensitivity_contour.png,48170ed61de2f628d00c2a07a5b0646b1ad2e28091cb6c724cbc01ec09836fc1,Stage 2 real benchmark extraction is currently unimplemented by design in this analysis pipeline for econml in thesis310; this is not a loaded-artifact extraction failure. | Contour plot used a custom reconstructed matplotlib grid from sensitivity parameters with source 'custom_reconstructed_from_residual_params'.,final-results/causal-outputs/outputs-mimic-forest-downsample/analyze_cate_results/benchmark_summary.csv,BENCHMARK_AND_CONTROL_MESSAGE_SCHEMA_VALIDATED,ROBUSTNESS_APPENDIX,PENDING_HUMAN_SELECTION,SENSITIVITY_SOURCE_CLASSIFICATION_RECORDED;REAL_BENCHMARK_MAY_BE_UNIMPLEMENTED,Control-message source: final-results/causal-outputs/outputs-mimic-forest-downsample/analyze_cate_results/control_messages_analyze_cate_results.csv; numerical values copied without recomputation.
mimic,CausalForestDML,outcome-downsampled,LAT_INFLAMMATION_SEPSIS,FAILED,benchmark_summary,,,,,False,False,False,False,,,,,,Loaded estimator residuals_ unavailable: ValueError: Estimator residuals_ returned W=None | Used compatibility refit with cache_values=True to test direct sensitivity APIs in thesis310 and recover residual-space diagnostics when needed. | ValueError: Estimator residuals_ returned W=None,final-results/causal-outputs/outputs-mimic-forest-downsample/analyze_cate_results/benchmark_summary.csv,BENCHMARK_AND_CONTROL_MESSAGE_SCHEMA_VALIDATED,ROBUSTNESS_APPENDIX,PENDING_HUMAN_SELECTION,SENSITIVITY_SOURCE_CLASSIFICATION_RECORDED;REAL_BENCHMARK_MAY_BE_UNIMPLEMENTED,Control-message source: final-results/causal-outputs/outputs-mimic-forest-downsample/analyze_cate_results/control_messages_analyze_cate_results.csv; numerical values copied without recomputation.
mimic,CausalForestDML,outcome-downsampled,LAT_METABOLIC_DERANGEMENT,PARTIAL,benchmark_summary,0.0,-0.07324337857818086,0.1341499738528179,saved_training_direct;saved_training_direct;custom_reconstructed_from_residual_params,False,True,True,False,LAT_RESPIRATORY_FAILURE,unimplemented_by_design,saved_training_direct,final-results/causal-outputs/outputs-mimic-forest-downsample/analyze_cate_results/LAT_METABOLIC_DERANGEMENT/LAT_METABOLIC_DERANGEMENT_sensitivity_contour.png,022907d01e709ebd7982df5d9ecefd4dd794d903bc54a2595e4796f40c2953ef,Stage 2 real benchmark extraction is currently unimplemented by design in this analysis pipeline for econml in thesis310; this is not a loaded-artifact extraction failure. | Contour plot used a custom reconstructed matplotlib grid from sensitivity parameters with source 'custom_reconstructed_from_residual_params'.,final-results/causal-outputs/outputs-mimic-forest-downsample/analyze_cate_results/benchmark_summary.csv,BENCHMARK_AND_CONTROL_MESSAGE_SCHEMA_VALIDATED,ROBUSTNESS_APPENDIX,PENDING_HUMAN_SELECTION,SENSITIVITY_SOURCE_CLASSIFICATION_RECORDED;REAL_BENCHMARK_MAY_BE_UNIMPLEMENTED,Control-message source: final-results/causal-outputs/outputs-mimic-forest-downsample/analyze_cate_results/control_messages_analyze_cate_results.csv; numerical values copied without recomputation.
mimic,CausalForestDML,outcome-downsampled,LAT_NEUROLOGIC_DYSFUNCTION,PARTIAL,benchmark_summary,0.04270648956298828,-0.008270397445108265,0.15761968135237697,saved_training_direct;saved_training_direct;custom_reconstructed_from_residual_params,False,True,True,False,LAT_GLOBAL_SEVERITY,unimplemented_by_design,saved_training_direct,final-results/causal-outputs/outputs-mimic-forest-downsample/analyze_cate_results/LAT_NEUROLOGIC_DYSFUNCTION/LAT_NEUROLOGIC_DYSFUNCTION_sensitivity_contour.png,7fa15a00bba83d2f036ed22fca8b487f9da0ff20f9bdff398e90d09549c56f43,Stage 2 real benchmark extraction is currently unimplemented by design in this analysis pipeline for econml in thesis310; this is not a loaded-artifact extraction failure. | Contour plot used a custom reconstructed matplotlib grid from sensitivity parameters with source 'custom_reconstructed_from_residual_params'.,final-results/causal-outputs/outputs-mimic-forest-downsample/analyze_cate_results/benchmark_summary.csv,BENCHMARK_AND_CONTROL_MESSAGE_SCHEMA_VALIDATED,ROBUSTNESS_APPENDIX,PENDING_HUMAN_SELECTION,SENSITIVITY_SOURCE_CLASSIFICATION_RECORDED;REAL_BENCHMARK_MAY_BE_UNIMPLEMENTED,Control-message source: final-results/causal-outputs/outputs-mimic-forest-downsample/analyze_cate_results/control_messages_analyze_cate_results.csv; numerical values copied without recomputation.
mimic,CausalForestDML,outcome-downsampled,LAT_RENAL_DYSFUNCTION,PARTIAL,benchmark_summary,0.1439838409423828,0.1053363489535564,0.2598760571822507,saved_training_direct;saved_training_direct;custom_reconstructed_from_residual_params,False,True,True,False,LAT_SHOCK,unimplemented_by_design,saved_training_direct,final-results/causal-outputs/outputs-mimic-forest-downsample/analyze_cate_results/LAT_RENAL_DYSFUNCTION/LAT_RENAL_DYSFUNCTION_sensitivity_contour.png,51269845e5cbd550b6368c3b0ca449fe6e1bb07bacca09b123b3a0a92ba4428b,Stage 2 real benchmark extraction is currently unimplemented by design in this analysis pipeline for econml in thesis310; this is not a loaded-artifact extraction failure. | Contour plot used a custom reconstructed matplotlib grid from sensitivity parameters with source 'custom_reconstructed_from_residual_params'.,final-results/causal-outputs/outputs-mimic-forest-downsample/analyze_cate_results/benchmark_summary.csv,BENCHMARK_AND_CONTROL_MESSAGE_SCHEMA_VALIDATED,ROBUSTNESS_APPENDIX,PENDING_HUMAN_SELECTION,SENSITIVITY_SOURCE_CLASSIFICATION_RECORDED;REAL_BENCHMARK_MAY_BE_UNIMPLEMENTED,Control-message source: final-results/causal-outputs/outputs-mimic-forest-downsample/analyze_cate_results/control_messages_analyze_cate_results.csv; numerical values copied without recomputation.
mimic,CausalForestDML,outcome-downsampled,LAT_RESPIRATORY_FAILURE,PARTIAL,benchmark_summary,0.03375434875488281,-0.022514447103406415,0.181908948210073,saved_training_direct;saved_training_direct;custom_reconstructed_from_residual_params,False,True,True,False,LAT_GLOBAL_SEVERITY,unimplemented_by_design,saved_training_direct,final-results/causal-outputs/outputs-mimic-forest-downsample/analyze_cate_results/LAT_RESPIRATORY_FAILURE/LAT_RESPIRATORY_FAILURE_sensitivity_contour.png,1a637df1dd1229fb564da955192964a87fb1ea7995d441760731fa07252b8391,Stage 2 real benchmark extraction is currently unimplemented by design in this analysis pipeline for econml in thesis310; this is not a loaded-artifact extraction failure. | Contour plot used a custom reconstructed matplotlib grid from sensitivity parameters with source 'custom_reconstructed_from_residual_params'.,final-results/causal-outputs/outputs-mimic-forest-downsample/analyze_cate_results/benchmark_summary.csv,BENCHMARK_AND_CONTROL_MESSAGE_SCHEMA_VALIDATED,ROBUSTNESS_APPENDIX,PENDING_HUMAN_SELECTION,SENSITIVITY_SOURCE_CLASSIFICATION_RECORDED;REAL_BENCHMARK_MAY_BE_UNIMPLEMENTED,Control-message source: final-results/causal-outputs/outputs-mimic-forest-downsample/analyze_cate_results/control_messages_analyze_cate_results.csv; numerical values copied without recomputation.
mimic,CausalForestDML,outcome-downsampled,LAT_SHOCK,PARTIAL,benchmark_summary,0.0,-0.058856162676627646,0.11560121134023235,saved_training_direct;saved_training_direct;custom_reconstructed_from_residual_params,False,True,True,False,LAT_CARDIAC_STRAIN,unimplemented_by_design,saved_training_direct,final-results/causal-outputs/outputs-mimic-forest-downsample/analyze_cate_results/LAT_SHOCK/LAT_SHOCK_sensitivity_contour.png,0c3b217f1a488c00af6765edb86cf3edf7a7e89b9745ae39da660edd3724ebb3,Stage 2 real benchmark extraction is currently unimplemented by design in this analysis pipeline for econml in thesis310; this is not a loaded-artifact extraction failure. | Contour plot used a custom reconstructed matplotlib grid from sensitivity parameters with source 'custom_reconstructed_from_residual_params'.,final-results/causal-outputs/outputs-mimic-forest-downsample/analyze_cate_results/benchmark_summary.csv,BENCHMARK_AND_CONTROL_MESSAGE_SCHEMA_VALIDATED,ROBUSTNESS_APPENDIX,PENDING_HUMAN_SELECTION,SENSITIVITY_SOURCE_CLASSIFICATION_RECORDED;REAL_BENCHMARK_MAY_BE_UNIMPLEMENTED,Control-message source: final-results/causal-outputs/outputs-mimic-forest-downsample/analyze_cate_results/control_messages_analyze_cate_results.csv; numerical values copied without recomputation.
mimic,LinearDML,original,LAT_CARDIAC_STRAIN,PARTIAL,benchmark_summary,0.24699020385742188,0.17377370645244683,0.27001375481782114,saved_training_direct;saved_training_direct;custom_reconstructed_from_residual_params,False,True,True,False,Age,unimplemented_by_design,saved_training_direct,final-results/causal-outputs/outputs-mimic-linear/analyze_cate_results/LAT_CARDIAC_STRAIN/LAT_CARDIAC_STRAIN_sensitivity_contour.png,ac63b26bf7f66ba88ec99ff858e2eedba129919fd5b7f11954348ff660e31687,Stage 2 real benchmark extraction is currently unimplemented by design in this analysis pipeline for econml in thesis310; this is not a loaded-artifact extraction failure. | Contour plot used a custom reconstructed matplotlib grid from sensitivity parameters with source 'custom_reconstructed_from_residual_params'.,final-results/causal-outputs/outputs-mimic-linear/analyze_cate_results/benchmark_summary.csv,BENCHMARK_AND_CONTROL_MESSAGE_SCHEMA_VALIDATED,SUPPORTING_APPENDIX,PENDING_HUMAN_SELECTION,SENSITIVITY_SOURCE_CLASSIFICATION_RECORDED;REAL_BENCHMARK_MAY_BE_UNIMPLEMENTED,Control-message source: final-results/causal-outputs/outputs-mimic-linear/analyze_cate_results/control_messages_analyze_cate_results.csv; numerical values copied without recomputation.
mimic,LinearDML,original,LAT_GLOBAL_SEVERITY,PARTIAL,benchmark_summary,0.04920196533203125,-0.0006821493632946174,0.09892454397874587,saved_training_direct;saved_training_direct;custom_reconstructed_from_residual_params,False,True,True,False,LAT_INFLAMMATION_SEPSIS,unimplemented_by_design,saved_training_direct,final-results/causal-outputs/outputs-mimic-linear/analyze_cate_results/LAT_GLOBAL_SEVERITY/LAT_GLOBAL_SEVERITY_sensitivity_contour.png,b187d391ecb64948d85aee2081f2c7048a922c3352284ef97c987a72429f0007,Stage 2 real benchmark extraction is currently unimplemented by design in this analysis pipeline for econml in thesis310; this is not a loaded-artifact extraction failure. | Contour plot used a custom reconstructed matplotlib grid from sensitivity parameters with source 'custom_reconstructed_from_residual_params'.,final-results/causal-outputs/outputs-mimic-linear/analyze_cate_results/benchmark_summary.csv,BENCHMARK_AND_CONTROL_MESSAGE_SCHEMA_VALIDATED,SUPPORTING_APPENDIX,PENDING_HUMAN_SELECTION,SENSITIVITY_SOURCE_CLASSIFICATION_RECORDED;REAL_BENCHMARK_MAY_BE_UNIMPLEMENTED,Control-message source: final-results/causal-outputs/outputs-mimic-linear/analyze_cate_results/control_messages_analyze_cate_results.csv; numerical values copied without recomputation.
mimic,LinearDML,original,LAT_HEPATIC_COAG_DYSFUNCTION,PARTIAL,benchmark_summary,0.12412166595458984,0.059344123972981305,0.1528905733156602,saved_training_direct;saved_training_direct;custom_reconstructed_from_residual_params,False,True,True,False,LAT_INFLAMMATION_SEPSIS,unimplemented_by_design,saved_training_direct,final-results/causal-outputs/outputs-mimic-linear/analyze_cate_results/LAT_HEPATIC_COAG_DYSFUNCTION/LAT_HEPATIC_COAG_DYSFUNCTION_sensitivity_contour.png,86d321935a0abd0677d9e6346755a4211b8c2dd2f8a48d0c61cf509d4032917c,Stage 2 real benchmark extraction is currently unimplemented by design in this analysis pipeline for econml in thesis310; this is not a loaded-artifact extraction failure. | Contour plot used a custom reconstructed matplotlib grid from sensitivity parameters with source 'custom_reconstructed_from_residual_params'.,final-results/causal-outputs/outputs-mimic-linear/analyze_cate_results/benchmark_summary.csv,BENCHMARK_AND_CONTROL_MESSAGE_SCHEMA_VALIDATED,SUPPORTING_APPENDIX,PENDING_HUMAN_SELECTION,SENSITIVITY_SOURCE_CLASSIFICATION_RECORDED;REAL_BENCHMARK_MAY_BE_UNIMPLEMENTED,Control-message source: final-results/causal-outputs/outputs-mimic-linear/analyze_cate_results/control_messages_analyze_cate_results.csv; numerical values copied without recomputation.
mimic,LinearDML,original,LAT_INFLAMMATION_SEPSIS,FAILED,benchmark_summary,,,,,False,False,False,False,,,,,,Loaded estimator residuals_ unavailable: ValueError: Estimator residuals_ returned W=None | Used compatibility refit with cache_values=True to test direct sensitivity APIs in thesis310 and recover residual-space diagnostics when needed. | ValueError: Estimator residuals_ returned W=None,final-results/causal-outputs/outputs-mimic-linear/analyze_cate_results/benchmark_summary.csv,BENCHMARK_AND_CONTROL_MESSAGE_SCHEMA_VALIDATED,SUPPORTING_APPENDIX,PENDING_HUMAN_SELECTION,SENSITIVITY_SOURCE_CLASSIFICATION_RECORDED;REAL_BENCHMARK_MAY_BE_UNIMPLEMENTED,Control-message source: final-results/causal-outputs/outputs-mimic-linear/analyze_cate_results/control_messages_analyze_cate_results.csv; numerical values copied without recomputation.
mimic,LinearDML,original,LAT_METABOLIC_DERANGEMENT,PARTIAL,benchmark_summary,0.009970664978027344,-0.03897188055411357,0.08106964998438565,saved_training_direct;saved_training_direct;custom_reconstructed_from_residual_params,False,True,True,False,LAT_RESPIRATORY_FAILURE,unimplemented_by_design,saved_training_direct,final-results/causal-outputs/outputs-mimic-linear/analyze_cate_results/LAT_METABOLIC_DERANGEMENT/LAT_METABOLIC_DERANGEMENT_sensitivity_contour.png,954ee8f4ca04c1e4e01560154784b7e551ab4b5ed722ab283b2da9cbcd368d25,Stage 2 real benchmark extraction is currently unimplemented by design in this analysis pipeline for econml in thesis310; this is not a loaded-artifact extraction failure. | Contour plot used a custom reconstructed matplotlib grid from sensitivity parameters with source 'custom_reconstructed_from_residual_params'.,final-results/causal-outputs/outputs-mimic-linear/analyze_cate_results/benchmark_summary.csv,BENCHMARK_AND_CONTROL_MESSAGE_SCHEMA_VALIDATED,SUPPORTING_APPENDIX,PENDING_HUMAN_SELECTION,SENSITIVITY_SOURCE_CLASSIFICATION_RECORDED;REAL_BENCHMARK_MAY_BE_UNIMPLEMENTED,Control-message source: final-results/causal-outputs/outputs-mimic-linear/analyze_cate_results/control_messages_analyze_cate_results.csv; numerical values copied without recomputation.
mimic,LinearDML,original,LAT_NEUROLOGIC_DYSFUNCTION,PARTIAL,benchmark_summary,0.03519916534423828,-0.012147426736134698,0.08890217031100123,saved_training_direct;saved_training_direct;custom_reconstructed_from_residual_params,False,True,True,False,LAT_GLOBAL_SEVERITY,unimplemented_by_design,saved_training_direct,final-results/causal-outputs/outputs-mimic-linear/analyze_cate_results/LAT_NEUROLOGIC_DYSFUNCTION/LAT_NEUROLOGIC_DYSFUNCTION_sensitivity_contour.png,233962975ac1e810fdd481c6d63c092cc65bd8037faa566a6e031ffa720c30c6,Stage 2 real benchmark extraction is currently unimplemented by design in this analysis pipeline for econml in thesis310; this is not a loaded-artifact extraction failure. | Contour plot used a custom reconstructed matplotlib grid from sensitivity parameters with source 'custom_reconstructed_from_residual_params'.,final-results/causal-outputs/outputs-mimic-linear/analyze_cate_results/benchmark_summary.csv,BENCHMARK_AND_CONTROL_MESSAGE_SCHEMA_VALIDATED,SUPPORTING_APPENDIX,PENDING_HUMAN_SELECTION,SENSITIVITY_SOURCE_CLASSIFICATION_RECORDED;REAL_BENCHMARK_MAY_BE_UNIMPLEMENTED,Control-message source: final-results/causal-outputs/outputs-mimic-linear/analyze_cate_results/control_messages_analyze_cate_results.csv; numerical values copied without recomputation.
mimic,LinearDML,original,LAT_RENAL_DYSFUNCTION,PARTIAL,benchmark_summary,0.11994552612304688,0.05371042421161071,0.14249507189785168,saved_training_direct;saved_training_direct;custom_reconstructed_from_residual_params,False,True,True,False,LAT_SHOCK,unimplemented_by_design,saved_training_direct,final-results/causal-outputs/outputs-mimic-linear/analyze_cate_results/LAT_RENAL_DYSFUNCTION/LAT_RENAL_DYSFUNCTION_sensitivity_contour.png,dd574d6289d73746de654e8f88278d028eaa482571d0c0dd00e2ffcb45496dcd,Stage 2 real benchmark extraction is currently unimplemented by design in this analysis pipeline for econml in thesis310; this is not a loaded-artifact extraction failure. | Contour plot used a custom reconstructed matplotlib grid from sensitivity parameters with source 'custom_reconstructed_from_residual_params'.,final-results/causal-outputs/outputs-mimic-linear/analyze_cate_results/benchmark_summary.csv,BENCHMARK_AND_CONTROL_MESSAGE_SCHEMA_VALIDATED,SUPPORTING_APPENDIX,PENDING_HUMAN_SELECTION,SENSITIVITY_SOURCE_CLASSIFICATION_RECORDED;REAL_BENCHMARK_MAY_BE_UNIMPLEMENTED,Control-message source: final-results/causal-outputs/outputs-mimic-linear/analyze_cate_results/control_messages_analyze_cate_results.csv; numerical values copied without recomputation.
mimic,LinearDML,original,LAT_RESPIRATORY_FAILURE,PARTIAL,benchmark_summary,0.02617359161376953,-0.023518558561068846,0.09646859132548591,saved_training_direct;saved_training_direct;custom_reconstructed_from_residual_params,False,True,True,False,LAT_GLOBAL_SEVERITY,unimplemented_by_design,saved_training_direct,final-results/causal-outputs/outputs-mimic-linear/analyze_cate_results/LAT_RESPIRATORY_FAILURE/LAT_RESPIRATORY_FAILURE_sensitivity_contour.png,a694a1b8a59e1bd56125b468a7ca4aeaf88ad9a6835835d280a7e4c82024ce19,Stage 2 real benchmark extraction is currently unimplemented by design in this analysis pipeline for econml in thesis310; this is not a loaded-artifact extraction failure. | Contour plot used a custom reconstructed matplotlib grid from sensitivity parameters with source 'custom_reconstructed_from_residual_params'.,final-results/causal-outputs/outputs-mimic-linear/analyze_cate_results/benchmark_summary.csv,BENCHMARK_AND_CONTROL_MESSAGE_SCHEMA_VALIDATED,SUPPORTING_APPENDIX,PENDING_HUMAN_SELECTION,SENSITIVITY_SOURCE_CLASSIFICATION_RECORDED;REAL_BENCHMARK_MAY_BE_UNIMPLEMENTED,Control-message source: final-results/causal-outputs/outputs-mimic-linear/analyze_cate_results/control_messages_analyze_cate_results.csv; numerical values copied without recomputation.
mimic,LinearDML,original,LAT_SHOCK,PARTIAL,benchmark_summary,0.017325401306152344,-0.026659025617024955,0.07205271623403411,saved_training_direct;saved_training_direct;custom_reconstructed_from_residual_params,False,True,True,False,LAT_INFLAMMATION_SEPSIS,unimplemented_by_design,saved_training_direct,final-results/causal-outputs/outputs-mimic-linear/analyze_cate_results/LAT_SHOCK/LAT_SHOCK_sensitivity_contour.png,3a70761b411ae6eb6ec34d8fa4e752cbc2d2d2a8f2bca6b77f49c60d213cfb80,Stage 2 real benchmark extraction is currently unimplemented by design in this analysis pipeline for econml in thesis310; this is not a loaded-artifact extraction failure. | Contour plot used a custom reconstructed matplotlib grid from sensitivity parameters with source 'custom_reconstructed_from_residual_params'.,final-results/causal-outputs/outputs-mimic-linear/analyze_cate_results/benchmark_summary.csv,BENCHMARK_AND_CONTROL_MESSAGE_SCHEMA_VALIDATED,SUPPORTING_APPENDIX,PENDING_HUMAN_SELECTION,SENSITIVITY_SOURCE_CLASSIFICATION_RECORDED;REAL_BENCHMARK_MAY_BE_UNIMPLEMENTED,Control-message source: final-results/causal-outputs/outputs-mimic-linear/analyze_cate_results/control_messages_analyze_cate_results.csv; numerical values copied without recomputation.
mimic,LinearDML,outcome-downsampled,LAT_CARDIAC_STRAIN,PARTIAL,benchmark_summary,0.3116493225097656,0.3232872433320194,0.47710996218093105,saved_training_direct;saved_training_direct;custom_reconstructed_from_residual_params,False,True,True,False,Age,unimplemented_by_design,saved_training_direct,final-results/causal-outputs/outputs-mimic-linear-downsample/analyze_cate_results/LAT_CARDIAC_STRAIN/LAT_CARDIAC_STRAIN_sensitivity_contour.png,f841d4856db605a9b8fb4bba7613b6b07d2d23c116d63a3d10dc5542f4d6a0c0,Stage 2 real benchmark extraction is currently unimplemented by design in this analysis pipeline for econml in thesis310; this is not a loaded-artifact extraction failure. | Contour plot used a custom reconstructed matplotlib grid from sensitivity parameters with source 'custom_reconstructed_from_residual_params'.,final-results/causal-outputs/outputs-mimic-linear-downsample/analyze_cate_results/benchmark_summary.csv,BENCHMARK_AND_CONTROL_MESSAGE_SCHEMA_VALIDATED,ROBUSTNESS_APPENDIX,PENDING_HUMAN_SELECTION,SENSITIVITY_SOURCE_CLASSIFICATION_RECORDED;REAL_BENCHMARK_MAY_BE_UNIMPLEMENTED,Control-message source: final-results/causal-outputs/outputs-mimic-linear-downsample/analyze_cate_results/control_messages_analyze_cate_results.csv; numerical values copied without recomputation.
mimic,LinearDML,outcome-downsampled,LAT_GLOBAL_SEVERITY,PARTIAL,benchmark_summary,0.0877676010131836,0.05260695959565416,0.24714679207849438,saved_training_direct;saved_training_direct;custom_reconstructed_from_residual_params,False,True,True,False,LAT_INFLAMMATION_SEPSIS,unimplemented_by_design,saved_training_direct,final-results/causal-outputs/outputs-mimic-linear-downsample/analyze_cate_results/LAT_GLOBAL_SEVERITY/LAT_GLOBAL_SEVERITY_sensitivity_contour.png,cf6776f9a55aebe72454803b9c660958bf782b8f9b8e89fb99d7fd9915b40de9,Stage 2 real benchmark extraction is currently unimplemented by design in this analysis pipeline for econml in thesis310; this is not a loaded-artifact extraction failure. | Contour plot used a custom reconstructed matplotlib grid from sensitivity parameters with source 'custom_reconstructed_from_residual_params'.,final-results/causal-outputs/outputs-mimic-linear-downsample/analyze_cate_results/benchmark_summary.csv,BENCHMARK_AND_CONTROL_MESSAGE_SCHEMA_VALIDATED,ROBUSTNESS_APPENDIX,PENDING_HUMAN_SELECTION,SENSITIVITY_SOURCE_CLASSIFICATION_RECORDED;REAL_BENCHMARK_MAY_BE_UNIMPLEMENTED,Control-message source: final-results/causal-outputs/outputs-mimic-linear-downsample/analyze_cate_results/control_messages_analyze_cate_results.csv; numerical values copied without recomputation.
mimic,LinearDML,outcome-downsampled,LAT_HEPATIC_COAG_DYSFUNCTION,PARTIAL,benchmark_summary,0.14838409423828125,0.11195468358806901,0.26915931101292406,saved_training_direct;saved_training_direct;custom_reconstructed_from_residual_params,False,True,True,False,LAT_INFLAMMATION_SEPSIS,unimplemented_by_design,saved_training_direct,final-results/causal-outputs/outputs-mimic-linear-downsample/analyze_cate_results/LAT_HEPATIC_COAG_DYSFUNCTION/LAT_HEPATIC_COAG_DYSFUNCTION_sensitivity_contour.png,48170ed61de2f628d00c2a07a5b0646b1ad2e28091cb6c724cbc01ec09836fc1,Stage 2 real benchmark extraction is currently unimplemented by design in this analysis pipeline for econml in thesis310; this is not a loaded-artifact extraction failure. | Contour plot used a custom reconstructed matplotlib grid from sensitivity parameters with source 'custom_reconstructed_from_residual_params'.,final-results/causal-outputs/outputs-mimic-linear-downsample/analyze_cate_results/benchmark_summary.csv,BENCHMARK_AND_CONTROL_MESSAGE_SCHEMA_VALIDATED,ROBUSTNESS_APPENDIX,PENDING_HUMAN_SELECTION,SENSITIVITY_SOURCE_CLASSIFICATION_RECORDED;REAL_BENCHMARK_MAY_BE_UNIMPLEMENTED,Control-message source: final-results/causal-outputs/outputs-mimic-linear-downsample/analyze_cate_results/control_messages_analyze_cate_results.csv; numerical values copied without recomputation.
mimic,LinearDML,outcome-downsampled,LAT_INFLAMMATION_SEPSIS,FAILED,benchmark_summary,,,,,False,False,False,False,,,,,,Loaded estimator residuals_ unavailable: ValueError: Estimator residuals_ returned W=None | Used compatibility refit with cache_values=True to test direct sensitivity APIs in thesis310 and recover residual-space diagnostics when needed. | ValueError: Estimator residuals_ returned W=None,final-results/causal-outputs/outputs-mimic-linear-downsample/analyze_cate_results/benchmark_summary.csv,BENCHMARK_AND_CONTROL_MESSAGE_SCHEMA_VALIDATED,ROBUSTNESS_APPENDIX,PENDING_HUMAN_SELECTION,SENSITIVITY_SOURCE_CLASSIFICATION_RECORDED;REAL_BENCHMARK_MAY_BE_UNIMPLEMENTED,Control-message source: final-results/causal-outputs/outputs-mimic-linear-downsample/analyze_cate_results/control_messages_analyze_cate_results.csv; numerical values copied without recomputation.
mimic,LinearDML,outcome-downsampled,LAT_METABOLIC_DERANGEMENT,PARTIAL,benchmark_summary,0.0,-0.07324337857818086,0.1341499738528179,saved_training_direct;saved_training_direct;custom_reconstructed_from_residual_params,False,True,True,False,LAT_RESPIRATORY_FAILURE,unimplemented_by_design,saved_training_direct,final-results/causal-outputs/outputs-mimic-linear-downsample/analyze_cate_results/LAT_METABOLIC_DERANGEMENT/LAT_METABOLIC_DERANGEMENT_sensitivity_contour.png,763837802dcffa4eb53d829454311dfb318c5c478e44b272042f7b5cc82af307,Stage 2 real benchmark extraction is currently unimplemented by design in this analysis pipeline for econml in thesis310; this is not a loaded-artifact extraction failure. | Contour plot used a custom reconstructed matplotlib grid from sensitivity parameters with source 'custom_reconstructed_from_residual_params'.,final-results/causal-outputs/outputs-mimic-linear-downsample/analyze_cate_results/benchmark_summary.csv,BENCHMARK_AND_CONTROL_MESSAGE_SCHEMA_VALIDATED,ROBUSTNESS_APPENDIX,PENDING_HUMAN_SELECTION,SENSITIVITY_SOURCE_CLASSIFICATION_RECORDED;REAL_BENCHMARK_MAY_BE_UNIMPLEMENTED,Control-message source: final-results/causal-outputs/outputs-mimic-linear-downsample/analyze_cate_results/control_messages_analyze_cate_results.csv; numerical values copied without recomputation.
mimic,LinearDML,outcome-downsampled,LAT_NEUROLOGIC_DYSFUNCTION,PARTIAL,benchmark_summary,0.04270648956298828,-0.0082703974451083,0.15761968135237697,saved_training_direct;saved_training_direct;custom_reconstructed_from_residual_params,False,True,True,False,LAT_GLOBAL_SEVERITY,unimplemented_by_design,saved_training_direct,final-results/causal-outputs/outputs-mimic-linear-downsample/analyze_cate_results/LAT_NEUROLOGIC_DYSFUNCTION/LAT_NEUROLOGIC_DYSFUNCTION_sensitivity_contour.png,7fa15a00bba83d2f036ed22fca8b487f9da0ff20f9bdff398e90d09549c56f43,Stage 2 real benchmark extraction is currently unimplemented by design in this analysis pipeline for econml in thesis310; this is not a loaded-artifact extraction failure. | Contour plot used a custom reconstructed matplotlib grid from sensitivity parameters with source 'custom_reconstructed_from_residual_params'.,final-results/causal-outputs/outputs-mimic-linear-downsample/analyze_cate_results/benchmark_summary.csv,BENCHMARK_AND_CONTROL_MESSAGE_SCHEMA_VALIDATED,ROBUSTNESS_APPENDIX,PENDING_HUMAN_SELECTION,SENSITIVITY_SOURCE_CLASSIFICATION_RECORDED;REAL_BENCHMARK_MAY_BE_UNIMPLEMENTED,Control-message source: final-results/causal-outputs/outputs-mimic-linear-downsample/analyze_cate_results/control_messages_analyze_cate_results.csv; numerical values copied without recomputation.
mimic,LinearDML,outcome-downsampled,LAT_RENAL_DYSFUNCTION,PARTIAL,benchmark_summary,0.1439838409423828,0.10533634895355642,0.25987605718225076,saved_training_direct;saved_training_direct;custom_reconstructed_from_residual_params,False,True,True,False,LAT_SHOCK,unimplemented_by_design,saved_training_direct,final-results/causal-outputs/outputs-mimic-linear-downsample/analyze_cate_results/LAT_RENAL_DYSFUNCTION/LAT_RENAL_DYSFUNCTION_sensitivity_contour.png,51269845e5cbd550b6368c3b0ca449fe6e1bb07bacca09b123b3a0a92ba4428b,Stage 2 real benchmark extraction is currently unimplemented by design in this analysis pipeline for econml in thesis310; this is not a loaded-artifact extraction failure. | Contour plot used a custom reconstructed matplotlib grid from sensitivity parameters with source 'custom_reconstructed_from_residual_params'.,final-results/causal-outputs/outputs-mimic-linear-downsample/analyze_cate_results/benchmark_summary.csv,BENCHMARK_AND_CONTROL_MESSAGE_SCHEMA_VALIDATED,ROBUSTNESS_APPENDIX,PENDING_HUMAN_SELECTION,SENSITIVITY_SOURCE_CLASSIFICATION_RECORDED;REAL_BENCHMARK_MAY_BE_UNIMPLEMENTED,Control-message source: final-results/causal-outputs/outputs-mimic-linear-downsample/analyze_cate_results/control_messages_analyze_cate_results.csv; numerical values copied without recomputation.
mimic,LinearDML,outcome-downsampled,LAT_RESPIRATORY_FAILURE,PARTIAL,benchmark_summary,0.03375434875488281,-0.022514447103406464,0.18190894821007297,saved_training_direct;saved_training_direct;custom_reconstructed_from_residual_params,False,True,True,False,LAT_GLOBAL_SEVERITY,unimplemented_by_design,saved_training_direct,final-results/causal-outputs/outputs-mimic-linear-downsample/analyze_cate_results/LAT_RESPIRATORY_FAILURE/LAT_RESPIRATORY_FAILURE_sensitivity_contour.png,1a637df1dd1229fb564da955192964a87fb1ea7995d441760731fa07252b8391,Stage 2 real benchmark extraction is currently unimplemented by design in this analysis pipeline for econml in thesis310; this is not a loaded-artifact extraction failure. | Contour plot used a custom reconstructed matplotlib grid from sensitivity parameters with source 'custom_reconstructed_from_residual_params'.,final-results/causal-outputs/outputs-mimic-linear-downsample/analyze_cate_results/benchmark_summary.csv,BENCHMARK_AND_CONTROL_MESSAGE_SCHEMA_VALIDATED,ROBUSTNESS_APPENDIX,PENDING_HUMAN_SELECTION,SENSITIVITY_SOURCE_CLASSIFICATION_RECORDED;REAL_BENCHMARK_MAY_BE_UNIMPLEMENTED,Control-message source: final-results/causal-outputs/outputs-mimic-linear-downsample/analyze_cate_results/control_messages_analyze_cate_results.csv; numerical values copied without recomputation.
mimic,LinearDML,outcome-downsampled,LAT_SHOCK,PARTIAL,benchmark_summary,0.0,-0.05885616267662765,0.11560121134023235,saved_training_direct;saved_training_direct;custom_reconstructed_from_residual_params,False,True,True,False,LAT_CARDIAC_STRAIN,unimplemented_by_design,saved_training_direct,final-results/causal-outputs/outputs-mimic-linear-downsample/analyze_cate_results/LAT_SHOCK/LAT_SHOCK_sensitivity_contour.png,0c3b217f1a488c00af6765edb86cf3edf7a7e89b9745ae39da660edd3724ebb3,Stage 2 real benchmark extraction is currently unimplemented by design in this analysis pipeline for econml in thesis310; this is not a loaded-artifact extraction failure. | Contour plot used a custom reconstructed matplotlib grid from sensitivity parameters with source 'custom_reconstructed_from_residual_params'.,final-results/causal-outputs/outputs-mimic-linear-downsample/analyze_cate_results/benchmark_summary.csv,BENCHMARK_AND_CONTROL_MESSAGE_SCHEMA_VALIDATED,ROBUSTNESS_APPENDIX,PENDING_HUMAN_SELECTION,SENSITIVITY_SOURCE_CLASSIFICATION_RECORDED;REAL_BENCHMARK_MAY_BE_UNIMPLEMENTED,Control-message source: final-results/causal-outputs/outputs-mimic-linear-downsample/analyze_cate_results/control_messages_analyze_cate_results.csv; numerical values copied without recomputation.
mimic,CausalPFN,original,,INTENTIONAL_SKIP,EconML_sensitivity,,,,not_applicable_to_CausalPFN_pipeline,,,,,,,,,,,,,NOT_APPLICABLE,NOT_APPLICABLE,PFN_INTENTIONAL_SKIP,Run summary records downstream diagnostic skip.
mimic,CausalPFN,outcome-downsampled,,INTENTIONAL_SKIP,EconML_sensitivity,,,,not_applicable_to_CausalPFN_pipeline,,,,,,,,,,,,,NOT_APPLICABLE,NOT_APPLICABLE,PFN_INTENTIONAL_SKIP,Run summary records downstream diagnostic skip.
physionet,CausalForestDML,original,LAT_CARDIAC_INJURY_STRAIN,PARTIAL,benchmark_summary,0.10118865966796875,0.04793107531607255,0.17486647265583505,saved_training_direct;saved_training_direct;custom_reconstructed_from_residual_params,False,True,True,False,ICUType_1,unimplemented_by_design,saved_training_direct,final-results/causal-outputs/outputs-physionet-forest/analyze_cate_results/LAT_CARDIAC_INJURY_STRAIN/LAT_CARDIAC_INJURY_STRAIN_sensitivity_contour.png,4cc94f173b2827bd6d11c0696a93592693d18f73883bb261920d6bbb70775f0f,Stage 2 real benchmark extraction is currently unimplemented by design in this analysis pipeline for econml in thesis310; this is not a loaded-artifact extraction failure. | Contour plot used a custom reconstructed matplotlib grid from sensitivity parameters with source 'custom_reconstructed_from_residual_params'.,final-results/causal-outputs/outputs-physionet-forest/analyze_cate_results/benchmark_summary.csv,BENCHMARK_AND_CONTROL_MESSAGE_SCHEMA_VALIDATED,SUPPORTING_APPENDIX,PENDING_HUMAN_SELECTION,SENSITIVITY_SOURCE_CLASSIFICATION_RECORDED;REAL_BENCHMARK_MAY_BE_UNIMPLEMENTED,Control-message source: final-results/causal-outputs/outputs-physionet-forest/analyze_cate_results/control_messages_analyze_cate_results.csv; numerical values copied without recomputation.
physionet,CausalForestDML,original,LAT_COAG_HEME_DYSFUNCTION,PARTIAL,benchmark_summary,0.0,-0.056982669886899304,0.07324887801500166,saved_training_direct;saved_training_direct;custom_reconstructed_from_residual_params,False,True,True,False,LAT_SHOCK,unimplemented_by_design,saved_training_direct,final-results/causal-outputs/outputs-physionet-forest/analyze_cate_results/LAT_COAG_HEME_DYSFUNCTION/LAT_COAG_HEME_DYSFUNCTION_sensitivity_contour.png,ff79dd84d3ff17deb2064c84614379ee7732426a4aaff06eb4479d8e0524c526,Stage 2 real benchmark extraction is currently unimplemented by design in this analysis pipeline for econml in thesis310; this is not a loaded-artifact extraction failure. | Contour plot used a custom reconstructed matplotlib grid from sensitivity parameters with source 'custom_reconstructed_from_residual_params'.,final-results/causal-outputs/outputs-physionet-forest/analyze_cate_results/benchmark_summary.csv,BENCHMARK_AND_CONTROL_MESSAGE_SCHEMA_VALIDATED,SUPPORTING_APPENDIX,PENDING_HUMAN_SELECTION,SENSITIVITY_SOURCE_CLASSIFICATION_RECORDED;REAL_BENCHMARK_MAY_BE_UNIMPLEMENTED,Control-message source: final-results/causal-outputs/outputs-physionet-forest/analyze_cate_results/control_messages_analyze_cate_results.csv; numerical values copied without recomputation.
physionet,CausalForestDML,original,LAT_GLOBAL_SEVERITY,PARTIAL,benchmark_summary,0.08255767822265625,0.02925784057247138,0.15045855051786305,saved_training_direct;saved_training_direct;custom_reconstructed_from_residual_params,False,True,True,False,LAT_INFLAMMATION_SEPSIS_BURDEN,unimplemented_by_design,saved_training_direct,final-results/causal-outputs/outputs-physionet-forest/analyze_cate_results/LAT_GLOBAL_SEVERITY/LAT_GLOBAL_SEVERITY_sensitivity_contour.png,8b4ba5c5ea7c5246203c22180374cde4021c2165c09ff937947d4cbbbe9f8ded,Stage 2 real benchmark extraction is currently unimplemented by design in this analysis pipeline for econml in thesis310; this is not a loaded-artifact extraction failure. | Contour plot used a custom reconstructed matplotlib grid from sensitivity parameters with source 'custom_reconstructed_from_residual_params'.,final-results/causal-outputs/outputs-physionet-forest/analyze_cate_results/benchmark_summary.csv,BENCHMARK_AND_CONTROL_MESSAGE_SCHEMA_VALIDATED,SUPPORTING_APPENDIX,PENDING_HUMAN_SELECTION,SENSITIVITY_SOURCE_CLASSIFICATION_RECORDED;REAL_BENCHMARK_MAY_BE_UNIMPLEMENTED,Control-message source: final-results/causal-outputs/outputs-physionet-forest/analyze_cate_results/control_messages_analyze_cate_results.csv; numerical values copied without recomputation.
physionet,CausalForestDML,original,LAT_HEPATIC_DYSFUNCTION,PARTIAL,benchmark_summary,0.067352294921875,0.016931279626167486,0.15166418221672043,saved_training_direct;saved_training_direct;custom_reconstructed_from_residual_params,False,True,True,False,LAT_SHOCK,unimplemented_by_design,saved_training_direct,final-results/causal-outputs/outputs-physionet-forest/analyze_cate_results/LAT_HEPATIC_DYSFUNCTION/LAT_HEPATIC_DYSFUNCTION_sensitivity_contour.png,8a4eb448e305843f814743839ccd30b652e7ceb63b391fda50bfa94848b30f8e,Stage 2 real benchmark extraction is currently unimplemented by design in this analysis pipeline for econml in thesis310; this is not a loaded-artifact extraction failure. | Contour plot used a custom reconstructed matplotlib grid from sensitivity parameters with source 'custom_reconstructed_from_residual_params'.,final-results/causal-outputs/outputs-physionet-forest/analyze_cate_results/benchmark_summary.csv,BENCHMARK_AND_CONTROL_MESSAGE_SCHEMA_VALIDATED,SUPPORTING_APPENDIX,PENDING_HUMAN_SELECTION,SENSITIVITY_SOURCE_CLASSIFICATION_RECORDED;REAL_BENCHMARK_MAY_BE_UNIMPLEMENTED,Control-message source: final-results/causal-outputs/outputs-physionet-forest/analyze_cate_results/control_messages_analyze_cate_results.csv; numerical values copied without recomputation.
physionet,CausalForestDML,original,LAT_INFLAMMATION_SEPSIS_BURDEN,FAILED,benchmark_summary,,,,,False,False,False,False,,,,,,Loaded estimator residuals_ unavailable: ValueError: Estimator residuals_ returned W=None | Used compatibility refit with cache_values=True to test direct sensitivity APIs in thesis310 and recover residual-space diagnostics when needed. | ValueError: Estimator residuals_ returned W=None,final-results/causal-outputs/outputs-physionet-forest/analyze_cate_results/benchmark_summary.csv,BENCHMARK_AND_CONTROL_MESSAGE_SCHEMA_VALIDATED,SUPPORTING_APPENDIX,PENDING_HUMAN_SELECTION,SENSITIVITY_SOURCE_CLASSIFICATION_RECORDED;REAL_BENCHMARK_MAY_BE_UNIMPLEMENTED,Control-message source: final-results/causal-outputs/outputs-physionet-forest/analyze_cate_results/control_messages_analyze_cate_results.csv; numerical values copied without recomputation.
physionet,CausalForestDML,original,LAT_METABOLIC_DERANGEMENT,PARTIAL,benchmark_summary,0.054622650146484375,0.004921168635991933,0.15096749883410554,saved_training_direct;saved_training_direct;custom_reconstructed_from_residual_params,False,True,True,False,LAT_RESPIRATORY_FAILURE,unimplemented_by_design,saved_training_direct,final-results/causal-outputs/outputs-physionet-forest/analyze_cate_results/LAT_METABOLIC_DERANGEMENT/LAT_METABOLIC_DERANGEMENT_sensitivity_contour.png,40fb6bf1bf5f104b8268e7d2a883bede787dce6ecfd8154d2c362b040487d6f0,Stage 2 real benchmark extraction is currently unimplemented by design in this analysis pipeline for econml in thesis310; this is not a loaded-artifact extraction failure. | Contour plot used a custom reconstructed matplotlib grid from sensitivity parameters with source 'custom_reconstructed_from_residual_params'.,final-results/causal-outputs/outputs-physionet-forest/analyze_cate_results/benchmark_summary.csv,BENCHMARK_AND_CONTROL_MESSAGE_SCHEMA_VALIDATED,SUPPORTING_APPENDIX,PENDING_HUMAN_SELECTION,SENSITIVITY_SOURCE_CLASSIFICATION_RECORDED;REAL_BENCHMARK_MAY_BE_UNIMPLEMENTED,Control-message source: final-results/causal-outputs/outputs-physionet-forest/analyze_cate_results/control_messages_analyze_cate_results.csv; numerical values copied without recomputation.
physionet,CausalForestDML,original,LAT_NEUROLOGIC_DYSFUNCTION,FAILED,benchmark_summary,,,,,False,False,False,False,,,,,,Loaded estimator residuals_ unavailable: ValueError: Estimator residuals_ returned W=None | Used compatibility refit with cache_values=True to test direct sensitivity APIs in thesis310 and recover residual-space diagnostics when needed. | ValueError: Estimator residuals_ returned W=None,final-results/causal-outputs/outputs-physionet-forest/analyze_cate_results/benchmark_summary.csv,BENCHMARK_AND_CONTROL_MESSAGE_SCHEMA_VALIDATED,SUPPORTING_APPENDIX,PENDING_HUMAN_SELECTION,SENSITIVITY_SOURCE_CLASSIFICATION_RECORDED;REAL_BENCHMARK_MAY_BE_UNIMPLEMENTED,Control-message source: final-results/causal-outputs/outputs-physionet-forest/analyze_cate_results/control_messages_analyze_cate_results.csv; numerical values copied without recomputation.
physionet,CausalForestDML,original,LAT_RENAL_DYSFUNCTION,PARTIAL,benchmark_summary,0.10495376586914062,0.0458160143879497,0.1592062316654915,saved_training_direct;saved_training_direct;custom_reconstructed_from_residual_params,False,True,True,False,LAT_SHOCK,unimplemented_by_design,saved_training_direct,final-results/causal-outputs/outputs-physionet-forest/analyze_cate_results/LAT_RENAL_DYSFUNCTION/LAT_RENAL_DYSFUNCTION_sensitivity_contour.png,5e8353978706e8296d411324303b0e792d4560c718fee61b5d21e5389c475f41,Stage 2 real benchmark extraction is currently unimplemented by design in this analysis pipeline for econml in thesis310; this is not a loaded-artifact extraction failure. | Contour plot used a custom reconstructed matplotlib grid from sensitivity parameters with source 'custom_reconstructed_from_residual_params'.,final-results/causal-outputs/outputs-physionet-forest/analyze_cate_results/benchmark_summary.csv,BENCHMARK_AND_CONTROL_MESSAGE_SCHEMA_VALIDATED,SUPPORTING_APPENDIX,PENDING_HUMAN_SELECTION,SENSITIVITY_SOURCE_CLASSIFICATION_RECORDED;REAL_BENCHMARK_MAY_BE_UNIMPLEMENTED,Control-message source: final-results/causal-outputs/outputs-physionet-forest/analyze_cate_results/control_messages_analyze_cate_results.csv; numerical values copied without recomputation.
physionet,CausalForestDML,original,LAT_RESPIRATORY_FAILURE,FAILED,benchmark_summary,,,,,False,False,False,False,,,,,,Loaded estimator residuals_ unavailable: ValueError: Estimator residuals_ returned W=None | Used compatibility refit with cache_values=True to test direct sensitivity APIs in thesis310 and recover residual-space diagnostics when needed. | ValueError: Estimator residuals_ returned W=None,final-results/causal-outputs/outputs-physionet-forest/analyze_cate_results/benchmark_summary.csv,BENCHMARK_AND_CONTROL_MESSAGE_SCHEMA_VALIDATED,SUPPORTING_APPENDIX,PENDING_HUMAN_SELECTION,SENSITIVITY_SOURCE_CLASSIFICATION_RECORDED;REAL_BENCHMARK_MAY_BE_UNIMPLEMENTED,Control-message source: final-results/causal-outputs/outputs-physionet-forest/analyze_cate_results/control_messages_analyze_cate_results.csv; numerical values copied without recomputation.
physionet,CausalForestDML,original,LAT_SHOCK,PARTIAL,benchmark_summary,0.0,-0.07396434441053984,0.054651938781750425,saved_training_direct;saved_training_direct;custom_reconstructed_from_residual_params,False,True,True,False,LAT_CARDIAC_INJURY_STRAIN,unimplemented_by_design,saved_training_direct,final-results/causal-outputs/outputs-physionet-forest/analyze_cate_results/LAT_SHOCK/LAT_SHOCK_sensitivity_contour.png,e210290f6b6bba6cfc769185b0fbf46adbba04b38a16ebdee31a06b09febed9c,Stage 2 real benchmark extraction is currently unimplemented by design in this analysis pipeline for econml in thesis310; this is not a loaded-artifact extraction failure. | Contour plot used a custom reconstructed matplotlib grid from sensitivity parameters with source 'custom_reconstructed_from_residual_params'.,final-results/causal-outputs/outputs-physionet-forest/analyze_cate_results/benchmark_summary.csv,BENCHMARK_AND_CONTROL_MESSAGE_SCHEMA_VALIDATED,SUPPORTING_APPENDIX,PENDING_HUMAN_SELECTION,SENSITIVITY_SOURCE_CLASSIFICATION_RECORDED;REAL_BENCHMARK_MAY_BE_UNIMPLEMENTED,Control-message source: final-results/causal-outputs/outputs-physionet-forest/analyze_cate_results/control_messages_analyze_cate_results.csv; numerical values copied without recomputation.
physionet,CausalForestDML,outcome-downsampled,LAT_CARDIAC_INJURY_STRAIN,PARTIAL,benchmark_summary,0.135528564453125,0.11215328338280701,0.33096099572825444,saved_training_direct;saved_training_direct;custom_reconstructed_from_residual_params,False,True,True,False,ICUType_1,unimplemented_by_design,saved_training_direct,final-results/causal-outputs/outputs-physionet-forest-downsample/analyze_cate_results/LAT_CARDIAC_INJURY_STRAIN/LAT_CARDIAC_INJURY_STRAIN_sensitivity_contour.png,0a57c7dd619922bc15a6eabc59e9629145f0b92e0ec4def00209c2ffdcb5695b,Stage 2 real benchmark extraction is currently unimplemented by design in this analysis pipeline for econml in thesis310; this is not a loaded-artifact extraction failure. | Contour plot used a custom reconstructed matplotlib grid from sensitivity parameters with source 'custom_reconstructed_from_residual_params'.,final-results/causal-outputs/outputs-physionet-forest-downsample/analyze_cate_results/benchmark_summary.csv,BENCHMARK_AND_CONTROL_MESSAGE_SCHEMA_VALIDATED,ROBUSTNESS_APPENDIX,PENDING_HUMAN_SELECTION,SENSITIVITY_SOURCE_CLASSIFICATION_RECORDED;REAL_BENCHMARK_MAY_BE_UNIMPLEMENTED,Control-message source: final-results/causal-outputs/outputs-physionet-forest-downsample/analyze_cate_results/control_messages_analyze_cate_results.csv; numerical values copied without recomputation.
physionet,CausalForestDML,outcome-downsampled,LAT_COAG_HEME_DYSFUNCTION,PARTIAL,benchmark_summary,0.0,-0.09951627511622688,0.12189364673893888,saved_training_direct;saved_training_direct;custom_reconstructed_from_residual_params,False,True,True,False,LAT_INFLAMMATION_SEPSIS_BURDEN,unimplemented_by_design,saved_training_direct,final-results/causal-outputs/outputs-physionet-forest-downsample/analyze_cate_results/LAT_COAG_HEME_DYSFUNCTION/LAT_COAG_HEME_DYSFUNCTION_sensitivity_contour.png,ebd85be2232833f051640d9a16b69dbb410e25c221d6d85469e183646368ddb2,Stage 2 real benchmark extraction is currently unimplemented by design in this analysis pipeline for econml in thesis310; this is not a loaded-artifact extraction failure. | Contour plot used a custom reconstructed matplotlib grid from sensitivity parameters with source 'custom_reconstructed_from_residual_params'.,final-results/causal-outputs/outputs-physionet-forest-downsample/analyze_cate_results/benchmark_summary.csv,BENCHMARK_AND_CONTROL_MESSAGE_SCHEMA_VALIDATED,ROBUSTNESS_APPENDIX,PENDING_HUMAN_SELECTION,SENSITIVITY_SOURCE_CLASSIFICATION_RECORDED;REAL_BENCHMARK_MAY_BE_UNIMPLEMENTED,Control-message source: final-results/causal-outputs/outputs-physionet-forest-downsample/analyze_cate_results/control_messages_analyze_cate_results.csv; numerical values copied without recomputation.
physionet,CausalForestDML,outcome-downsampled,LAT_GLOBAL_SEVERITY,PARTIAL,benchmark_summary,0.10439634323120117,0.07328104931989882,0.3000615473233192,saved_training_direct;saved_training_direct;custom_reconstructed_from_residual_params,False,True,True,False,LAT_INFLAMMATION_SEPSIS_BURDEN,unimplemented_by_design,saved_training_direct,final-results/causal-outputs/outputs-physionet-forest-downsample/analyze_cate_results/LAT_GLOBAL_SEVERITY/LAT_GLOBAL_SEVERITY_sensitivity_contour.png,c8b0cb98524d47714ef1a2102cecd2ebba525af7535e448fff30a5b995ab8863,Stage 2 real benchmark extraction is currently unimplemented by design in this analysis pipeline for econml in thesis310; this is not a loaded-artifact extraction failure. | Contour plot used a custom reconstructed matplotlib grid from sensitivity parameters with source 'custom_reconstructed_from_residual_params'.,final-results/causal-outputs/outputs-physionet-forest-downsample/analyze_cate_results/benchmark_summary.csv,BENCHMARK_AND_CONTROL_MESSAGE_SCHEMA_VALIDATED,ROBUSTNESS_APPENDIX,PENDING_HUMAN_SELECTION,SENSITIVITY_SOURCE_CLASSIFICATION_RECORDED;REAL_BENCHMARK_MAY_BE_UNIMPLEMENTED,Control-message source: final-results/causal-outputs/outputs-physionet-forest-downsample/analyze_cate_results/control_messages_analyze_cate_results.csv; numerical values copied without recomputation.
physionet,CausalForestDML,outcome-downsampled,LAT_HEPATIC_DYSFUNCTION,PARTIAL,benchmark_summary,0.11690759658813477,0.08886762956027079,0.3129532478697845,saved_training_direct;saved_training_direct;custom_reconstructed_from_residual_params,False,True,True,False,LAT_SHOCK,unimplemented_by_design,saved_training_direct,final-results/causal-outputs/outputs-physionet-forest-downsample/analyze_cate_results/LAT_HEPATIC_DYSFUNCTION/LAT_HEPATIC_DYSFUNCTION_sensitivity_contour.png,bb852fa0fbd1e92221b257acbbd4c8ab918298dcb34ddb839c037a0ca276a084,Stage 2 real benchmark extraction is currently unimplemented by design in this analysis pipeline for econml in thesis310; this is not a loaded-artifact extraction failure. | Contour plot used a custom reconstructed matplotlib grid from sensitivity parameters with source 'custom_reconstructed_from_residual_params'.,final-results/causal-outputs/outputs-physionet-forest-downsample/analyze_cate_results/benchmark_summary.csv,BENCHMARK_AND_CONTROL_MESSAGE_SCHEMA_VALIDATED,ROBUSTNESS_APPENDIX,PENDING_HUMAN_SELECTION,SENSITIVITY_SOURCE_CLASSIFICATION_RECORDED;REAL_BENCHMARK_MAY_BE_UNIMPLEMENTED,Control-message source: final-results/causal-outputs/outputs-physionet-forest-downsample/analyze_cate_results/control_messages_analyze_cate_results.csv; numerical values copied without recomputation.
physionet,CausalForestDML,outcome-downsampled,LAT_INFLAMMATION_SEPSIS_BURDEN,FAILED,benchmark_summary,,,,,False,False,False,False,,,,,,Loaded estimator residuals_ unavailable: ValueError: Estimator residuals_ returned W=None | Used compatibility refit with cache_values=True to test direct sensitivity APIs in thesis310 and recover residual-space diagnostics when needed. | ValueError: Estimator residuals_ returned W=None,final-results/causal-outputs/outputs-physionet-forest-downsample/analyze_cate_results/benchmark_summary.csv,BENCHMARK_AND_CONTROL_MESSAGE_SCHEMA_VALIDATED,ROBUSTNESS_APPENDIX,PENDING_HUMAN_SELECTION,SENSITIVITY_SOURCE_CLASSIFICATION_RECORDED;REAL_BENCHMARK_MAY_BE_UNIMPLEMENTED,Control-message source: final-results/causal-outputs/outputs-physionet-forest-downsample/analyze_cate_results/control_messages_analyze_cate_results.csv; numerical values copied without recomputation.
physionet,CausalForestDML,outcome-downsampled,LAT_METABOLIC_DERANGEMENT,PARTIAL,benchmark_summary,0.08174800872802734,0.04971112509839446,0.32072990295583514,saved_training_direct;saved_training_direct;custom_reconstructed_from_residual_params,False,True,True,False,LAT_RESPIRATORY_FAILURE,unimplemented_by_design,saved_training_direct,final-results/causal-outputs/outputs-physionet-forest-downsample/analyze_cate_results/LAT_METABOLIC_DERANGEMENT/LAT_METABOLIC_DERANGEMENT_sensitivity_contour.png,d5a88094d80d4b7b89b00b9a5bfd712f21a432073e95fe56d70019f8c9c5e48f,Stage 2 real benchmark extraction is currently unimplemented by design in this analysis pipeline for econml in thesis310; this is not a loaded-artifact extraction failure. | Contour plot used a custom reconstructed matplotlib grid from sensitivity parameters with source 'custom_reconstructed_from_residual_params'.,final-results/causal-outputs/outputs-physionet-forest-downsample/analyze_cate_results/benchmark_summary.csv,BENCHMARK_AND_CONTROL_MESSAGE_SCHEMA_VALIDATED,ROBUSTNESS_APPENDIX,PENDING_HUMAN_SELECTION,SENSITIVITY_SOURCE_CLASSIFICATION_RECORDED;REAL_BENCHMARK_MAY_BE_UNIMPLEMENTED,Control-message source: final-results/causal-outputs/outputs-physionet-forest-downsample/analyze_cate_results/control_messages_analyze_cate_results.csv; numerical values copied without recomputation.
physionet,CausalForestDML,outcome-downsampled,LAT_NEUROLOGIC_DYSFUNCTION,FAILED,benchmark_summary,,,,,False,False,False,False,,,,,,Loaded estimator residuals_ unavailable: ValueError: Estimator residuals_ returned W=None | Used compatibility refit with cache_values=True to test direct sensitivity APIs in thesis310 and recover residual-space diagnostics when needed. | ValueError: Estimator residuals_ returned W=None,final-results/causal-outputs/outputs-physionet-forest-downsample/analyze_cate_results/benchmark_summary.csv,BENCHMARK_AND_CONTROL_MESSAGE_SCHEMA_VALIDATED,ROBUSTNESS_APPENDIX,PENDING_HUMAN_SELECTION,SENSITIVITY_SOURCE_CLASSIFICATION_RECORDED;REAL_BENCHMARK_MAY_BE_UNIMPLEMENTED,Control-message source: final-results/causal-outputs/outputs-physionet-forest-downsample/analyze_cate_results/control_messages_analyze_cate_results.csv; numerical values copied without recomputation.
physionet,CausalForestDML,outcome-downsampled,LAT_RENAL_DYSFUNCTION,PARTIAL,benchmark_summary,0.14865779876708984,0.11564270733325188,0.3108081774468442,saved_training_direct;saved_training_direct;custom_reconstructed_from_residual_params,False,True,True,False,LAT_CARDIAC_INJURY_STRAIN,unimplemented_by_design,saved_training_direct,final-results/causal-outputs/outputs-physionet-forest-downsample/analyze_cate_results/LAT_RENAL_DYSFUNCTION/LAT_RENAL_DYSFUNCTION_sensitivity_contour.png,32485149d2b4e107182519752d83304238b26cea58f0cda65e35e288f4bf52cc,Stage 2 real benchmark extraction is currently unimplemented by design in this analysis pipeline for econml in thesis310; this is not a loaded-artifact extraction failure. | Contour plot used a custom reconstructed matplotlib grid from sensitivity parameters with source 'custom_reconstructed_from_residual_params'.,final-results/causal-outputs/outputs-physionet-forest-downsample/analyze_cate_results/benchmark_summary.csv,BENCHMARK_AND_CONTROL_MESSAGE_SCHEMA_VALIDATED,ROBUSTNESS_APPENDIX,PENDING_HUMAN_SELECTION,SENSITIVITY_SOURCE_CLASSIFICATION_RECORDED;REAL_BENCHMARK_MAY_BE_UNIMPLEMENTED,Control-message source: final-results/causal-outputs/outputs-physionet-forest-downsample/analyze_cate_results/control_messages_analyze_cate_results.csv; numerical values copied without recomputation.
physionet,CausalForestDML,outcome-downsampled,LAT_RESPIRATORY_FAILURE,FAILED,benchmark_summary,,,,,False,False,False,False,,,,,,Loaded estimator residuals_ unavailable: ValueError: Estimator residuals_ returned W=None | Used compatibility refit with cache_values=True to test direct sensitivity APIs in thesis310 and recover residual-space diagnostics when needed. | ValueError: Estimator residuals_ returned W=None,final-results/causal-outputs/outputs-physionet-forest-downsample/analyze_cate_results/benchmark_summary.csv,BENCHMARK_AND_CONTROL_MESSAGE_SCHEMA_VALIDATED,ROBUSTNESS_APPENDIX,PENDING_HUMAN_SELECTION,SENSITIVITY_SOURCE_CLASSIFICATION_RECORDED;REAL_BENCHMARK_MAY_BE_UNIMPLEMENTED,Control-message source: final-results/causal-outputs/outputs-physionet-forest-downsample/analyze_cate_results/control_messages_analyze_cate_results.csv; numerical values copied without recomputation.
physionet,CausalForestDML,outcome-downsampled,LAT_SHOCK,PARTIAL,benchmark_summary,0.0,-0.13141753888859614,0.104702803993805,saved_training_direct;saved_training_direct;custom_reconstructed_from_residual_params,False,True,True,False,LAT_CARDIAC_INJURY_STRAIN,unimplemented_by_design,saved_training_direct,final-results/causal-outputs/outputs-physionet-forest-downsample/analyze_cate_results/LAT_SHOCK/LAT_SHOCK_sensitivity_contour.png,fa6dca76fb1f958d25ab0a375ebdd6be4e6a264fea2cb197eb8761c922a534c3,Stage 2 real benchmark extraction is currently unimplemented by design in this analysis pipeline for econml in thesis310; this is not a loaded-artifact extraction failure. | Contour plot used a custom reconstructed matplotlib grid from sensitivity parameters with source 'custom_reconstructed_from_residual_params'.,final-results/causal-outputs/outputs-physionet-forest-downsample/analyze_cate_results/benchmark_summary.csv,BENCHMARK_AND_CONTROL_MESSAGE_SCHEMA_VALIDATED,ROBUSTNESS_APPENDIX,PENDING_HUMAN_SELECTION,SENSITIVITY_SOURCE_CLASSIFICATION_RECORDED;REAL_BENCHMARK_MAY_BE_UNIMPLEMENTED,Control-message source: final-results/causal-outputs/outputs-physionet-forest-downsample/analyze_cate_results/control_messages_analyze_cate_results.csv; numerical values copied without recomputation.
physionet,LinearDML,original,LAT_CARDIAC_INJURY_STRAIN,PARTIAL,benchmark_summary,0.10118865966796875,0.04793107531607255,0.17486647265583505,saved_training_direct;saved_training_direct;custom_reconstructed_from_residual_params,False,True,True,False,ICUType_1,unimplemented_by_design,saved_training_direct,final-results/causal-outputs/outputs-physionet-linear/analyze_cate_results/LAT_CARDIAC_INJURY_STRAIN/LAT_CARDIAC_INJURY_STRAIN_sensitivity_contour.png,4cc94f173b2827bd6d11c0696a93592693d18f73883bb261920d6bbb70775f0f,Stage 2 real benchmark extraction is currently unimplemented by design in this analysis pipeline for econml in thesis310; this is not a loaded-artifact extraction failure. | Contour plot used a custom reconstructed matplotlib grid from sensitivity parameters with source 'custom_reconstructed_from_residual_params'.,final-results/causal-outputs/outputs-physionet-linear/analyze_cate_results/benchmark_summary.csv,BENCHMARK_AND_CONTROL_MESSAGE_SCHEMA_VALIDATED,SUPPORTING_APPENDIX,PENDING_HUMAN_SELECTION,SENSITIVITY_SOURCE_CLASSIFICATION_RECORDED;REAL_BENCHMARK_MAY_BE_UNIMPLEMENTED,Control-message source: final-results/causal-outputs/outputs-physionet-linear/analyze_cate_results/control_messages_analyze_cate_results.csv; numerical values copied without recomputation.
physionet,LinearDML,original,LAT_COAG_HEME_DYSFUNCTION,PARTIAL,benchmark_summary,0.0,-0.056982669886899304,0.07324887801500166,saved_training_direct;saved_training_direct;custom_reconstructed_from_residual_params,False,True,True,False,LAT_SHOCK,unimplemented_by_design,saved_training_direct,final-results/causal-outputs/outputs-physionet-linear/analyze_cate_results/LAT_COAG_HEME_DYSFUNCTION/LAT_COAG_HEME_DYSFUNCTION_sensitivity_contour.png,243126d22ca175eb3ebf781a9ee43cf67ea82a546fbdddb9810b540056edc2d4,Stage 2 real benchmark extraction is currently unimplemented by design in this analysis pipeline for econml in thesis310; this is not a loaded-artifact extraction failure. | Contour plot used a custom reconstructed matplotlib grid from sensitivity parameters with source 'custom_reconstructed_from_residual_params'.,final-results/causal-outputs/outputs-physionet-linear/analyze_cate_results/benchmark_summary.csv,BENCHMARK_AND_CONTROL_MESSAGE_SCHEMA_VALIDATED,SUPPORTING_APPENDIX,PENDING_HUMAN_SELECTION,SENSITIVITY_SOURCE_CLASSIFICATION_RECORDED;REAL_BENCHMARK_MAY_BE_UNIMPLEMENTED,Control-message source: final-results/causal-outputs/outputs-physionet-linear/analyze_cate_results/control_messages_analyze_cate_results.csv; numerical values copied without recomputation.
physionet,LinearDML,original,LAT_GLOBAL_SEVERITY,PARTIAL,benchmark_summary,0.08255767822265625,0.029257840572471373,0.15045855051786305,saved_training_direct;saved_training_direct;custom_reconstructed_from_residual_params,False,True,True,False,LAT_INFLAMMATION_SEPSIS_BURDEN,unimplemented_by_design,saved_training_direct,final-results/causal-outputs/outputs-physionet-linear/analyze_cate_results/LAT_GLOBAL_SEVERITY/LAT_GLOBAL_SEVERITY_sensitivity_contour.png,15c62cf42fe9f138aab4666823eab77f407393e9b98b62f45609810a6bf39e66,Stage 2 real benchmark extraction is currently unimplemented by design in this analysis pipeline for econml in thesis310; this is not a loaded-artifact extraction failure. | Contour plot used a custom reconstructed matplotlib grid from sensitivity parameters with source 'custom_reconstructed_from_residual_params'.,final-results/causal-outputs/outputs-physionet-linear/analyze_cate_results/benchmark_summary.csv,BENCHMARK_AND_CONTROL_MESSAGE_SCHEMA_VALIDATED,SUPPORTING_APPENDIX,PENDING_HUMAN_SELECTION,SENSITIVITY_SOURCE_CLASSIFICATION_RECORDED;REAL_BENCHMARK_MAY_BE_UNIMPLEMENTED,Control-message source: final-results/causal-outputs/outputs-physionet-linear/analyze_cate_results/control_messages_analyze_cate_results.csv; numerical values copied without recomputation.
physionet,LinearDML,original,LAT_HEPATIC_DYSFUNCTION,PARTIAL,benchmark_summary,0.067352294921875,0.016931279626167486,0.15166418221672043,saved_training_direct;saved_training_direct;custom_reconstructed_from_residual_params,False,True,True,False,LAT_SHOCK,unimplemented_by_design,saved_training_direct,final-results/causal-outputs/outputs-physionet-linear/analyze_cate_results/LAT_HEPATIC_DYSFUNCTION/LAT_HEPATIC_DYSFUNCTION_sensitivity_contour.png,8a4eb448e305843f814743839ccd30b652e7ceb63b391fda50bfa94848b30f8e,Stage 2 real benchmark extraction is currently unimplemented by design in this analysis pipeline for econml in thesis310; this is not a loaded-artifact extraction failure. | Contour plot used a custom reconstructed matplotlib grid from sensitivity parameters with source 'custom_reconstructed_from_residual_params'.,final-results/causal-outputs/outputs-physionet-linear/analyze_cate_results/benchmark_summary.csv,BENCHMARK_AND_CONTROL_MESSAGE_SCHEMA_VALIDATED,SUPPORTING_APPENDIX,PENDING_HUMAN_SELECTION,SENSITIVITY_SOURCE_CLASSIFICATION_RECORDED;REAL_BENCHMARK_MAY_BE_UNIMPLEMENTED,Control-message source: final-results/causal-outputs/outputs-physionet-linear/analyze_cate_results/control_messages_analyze_cate_results.csv; numerical values copied without recomputation.
physionet,LinearDML,original,LAT_INFLAMMATION_SEPSIS_BURDEN,FAILED,benchmark_summary,,,,,False,False,False,False,,,,,,Loaded estimator residuals_ unavailable: ValueError: Estimator residuals_ returned W=None | Used compatibility refit with cache_values=True to test direct sensitivity APIs in thesis310 and recover residual-space diagnostics when needed. | ValueError: Estimator residuals_ returned W=None,final-results/causal-outputs/outputs-physionet-linear/analyze_cate_results/benchmark_summary.csv,BENCHMARK_AND_CONTROL_MESSAGE_SCHEMA_VALIDATED,SUPPORTING_APPENDIX,PENDING_HUMAN_SELECTION,SENSITIVITY_SOURCE_CLASSIFICATION_RECORDED;REAL_BENCHMARK_MAY_BE_UNIMPLEMENTED,Control-message source: final-results/causal-outputs/outputs-physionet-linear/analyze_cate_results/control_messages_analyze_cate_results.csv; numerical values copied without recomputation.
physionet,LinearDML,original,LAT_METABOLIC_DERANGEMENT,PARTIAL,benchmark_summary,0.054622650146484375,0.004921168635991933,0.15096749883410554,saved_training_direct;saved_training_direct;custom_reconstructed_from_residual_params,False,True,True,False,LAT_RESPIRATORY_FAILURE,unimplemented_by_design,saved_training_direct,final-results/causal-outputs/outputs-physionet-linear/analyze_cate_results/LAT_METABOLIC_DERANGEMENT/LAT_METABOLIC_DERANGEMENT_sensitivity_contour.png,40fb6bf1bf5f104b8268e7d2a883bede787dce6ecfd8154d2c362b040487d6f0,Stage 2 real benchmark extraction is currently unimplemented by design in this analysis pipeline for econml in thesis310; this is not a loaded-artifact extraction failure. | Contour plot used a custom reconstructed matplotlib grid from sensitivity parameters with source 'custom_reconstructed_from_residual_params'.,final-results/causal-outputs/outputs-physionet-linear/analyze_cate_results/benchmark_summary.csv,BENCHMARK_AND_CONTROL_MESSAGE_SCHEMA_VALIDATED,SUPPORTING_APPENDIX,PENDING_HUMAN_SELECTION,SENSITIVITY_SOURCE_CLASSIFICATION_RECORDED;REAL_BENCHMARK_MAY_BE_UNIMPLEMENTED,Control-message source: final-results/causal-outputs/outputs-physionet-linear/analyze_cate_results/control_messages_analyze_cate_results.csv; numerical values copied without recomputation.
physionet,LinearDML,original,LAT_NEUROLOGIC_DYSFUNCTION,FAILED,benchmark_summary,,,,,False,False,False,False,,,,,,Loaded estimator residuals_ unavailable: ValueError: Estimator residuals_ returned W=None | Used compatibility refit with cache_values=True to test direct sensitivity APIs in thesis310 and recover residual-space diagnostics when needed. | ValueError: Estimator residuals_ returned W=None,final-results/causal-outputs/outputs-physionet-linear/analyze_cate_results/benchmark_summary.csv,BENCHMARK_AND_CONTROL_MESSAGE_SCHEMA_VALIDATED,SUPPORTING_APPENDIX,PENDING_HUMAN_SELECTION,SENSITIVITY_SOURCE_CLASSIFICATION_RECORDED;REAL_BENCHMARK_MAY_BE_UNIMPLEMENTED,Control-message source: final-results/causal-outputs/outputs-physionet-linear/analyze_cate_results/control_messages_analyze_cate_results.csv; numerical values copied without recomputation.
physionet,LinearDML,original,LAT_RENAL_DYSFUNCTION,PARTIAL,benchmark_summary,0.10495376586914062,0.0458160143879497,0.1592062316654915,saved_training_direct;saved_training_direct;custom_reconstructed_from_residual_params,False,True,True,False,LAT_SHOCK,unimplemented_by_design,saved_training_direct,final-results/causal-outputs/outputs-physionet-linear/analyze_cate_results/LAT_RENAL_DYSFUNCTION/LAT_RENAL_DYSFUNCTION_sensitivity_contour.png,5e8353978706e8296d411324303b0e792d4560c718fee61b5d21e5389c475f41,Stage 2 real benchmark extraction is currently unimplemented by design in this analysis pipeline for econml in thesis310; this is not a loaded-artifact extraction failure. | Contour plot used a custom reconstructed matplotlib grid from sensitivity parameters with source 'custom_reconstructed_from_residual_params'.,final-results/causal-outputs/outputs-physionet-linear/analyze_cate_results/benchmark_summary.csv,BENCHMARK_AND_CONTROL_MESSAGE_SCHEMA_VALIDATED,SUPPORTING_APPENDIX,PENDING_HUMAN_SELECTION,SENSITIVITY_SOURCE_CLASSIFICATION_RECORDED;REAL_BENCHMARK_MAY_BE_UNIMPLEMENTED,Control-message source: final-results/causal-outputs/outputs-physionet-linear/analyze_cate_results/control_messages_analyze_cate_results.csv; numerical values copied without recomputation.
physionet,LinearDML,original,LAT_RESPIRATORY_FAILURE,FAILED,benchmark_summary,,,,,False,False,False,False,,,,,,Loaded estimator residuals_ unavailable: ValueError: Estimator residuals_ returned W=None | Used compatibility refit with cache_values=True to test direct sensitivity APIs in thesis310 and recover residual-space diagnostics when needed. | ValueError: Estimator residuals_ returned W=None,final-results/causal-outputs/outputs-physionet-linear/analyze_cate_results/benchmark_summary.csv,BENCHMARK_AND_CONTROL_MESSAGE_SCHEMA_VALIDATED,SUPPORTING_APPENDIX,PENDING_HUMAN_SELECTION,SENSITIVITY_SOURCE_CLASSIFICATION_RECORDED;REAL_BENCHMARK_MAY_BE_UNIMPLEMENTED,Control-message source: final-results/causal-outputs/outputs-physionet-linear/analyze_cate_results/control_messages_analyze_cate_results.csv; numerical values copied without recomputation.
physionet,LinearDML,original,LAT_SHOCK,PARTIAL,benchmark_summary,0.0,-0.07396434441053984,0.05465193878175044,saved_training_direct;saved_training_direct;custom_reconstructed_from_residual_params,False,True,True,False,LAT_CARDIAC_INJURY_STRAIN,unimplemented_by_design,saved_training_direct,final-results/causal-outputs/outputs-physionet-linear/analyze_cate_results/LAT_SHOCK/LAT_SHOCK_sensitivity_contour.png,627a5243919adebd1ce00b5c79845bc45f5f5da7e9c734290b78acb6abdb2fa7,Stage 2 real benchmark extraction is currently unimplemented by design in this analysis pipeline for econml in thesis310; this is not a loaded-artifact extraction failure. | Contour plot used a custom reconstructed matplotlib grid from sensitivity parameters with source 'custom_reconstructed_from_residual_params'.,final-results/causal-outputs/outputs-physionet-linear/analyze_cate_results/benchmark_summary.csv,BENCHMARK_AND_CONTROL_MESSAGE_SCHEMA_VALIDATED,SUPPORTING_APPENDIX,PENDING_HUMAN_SELECTION,SENSITIVITY_SOURCE_CLASSIFICATION_RECORDED;REAL_BENCHMARK_MAY_BE_UNIMPLEMENTED,Control-message source: final-results/causal-outputs/outputs-physionet-linear/analyze_cate_results/control_messages_analyze_cate_results.csv; numerical values copied without recomputation.
physionet,LinearDML,outcome-downsampled,LAT_CARDIAC_INJURY_STRAIN,PARTIAL,benchmark_summary,0.135528564453125,0.112153283382807,0.33096099572825444,saved_training_direct;saved_training_direct;custom_reconstructed_from_residual_params,False,True,True,False,ICUType_1,unimplemented_by_design,saved_training_direct,final-results/causal-outputs/outputs-physionet-linear-downsample/analyze_cate_results/LAT_CARDIAC_INJURY_STRAIN/LAT_CARDIAC_INJURY_STRAIN_sensitivity_contour.png,0a57c7dd619922bc15a6eabc59e9629145f0b92e0ec4def00209c2ffdcb5695b,Stage 2 real benchmark extraction is currently unimplemented by design in this analysis pipeline for econml in thesis310; this is not a loaded-artifact extraction failure. | Contour plot used a custom reconstructed matplotlib grid from sensitivity parameters with source 'custom_reconstructed_from_residual_params'.,final-results/causal-outputs/outputs-physionet-linear-downsample/analyze_cate_results/benchmark_summary.csv,BENCHMARK_AND_CONTROL_MESSAGE_SCHEMA_VALIDATED,ROBUSTNESS_APPENDIX,PENDING_HUMAN_SELECTION,SENSITIVITY_SOURCE_CLASSIFICATION_RECORDED;REAL_BENCHMARK_MAY_BE_UNIMPLEMENTED,Control-message source: final-results/causal-outputs/outputs-physionet-linear-downsample/analyze_cate_results/control_messages_analyze_cate_results.csv; numerical values copied without recomputation.
physionet,LinearDML,outcome-downsampled,LAT_COAG_HEME_DYSFUNCTION,PARTIAL,benchmark_summary,0.0,-0.09951627511622688,0.12189364673893888,saved_training_direct;saved_training_direct;custom_reconstructed_from_residual_params,False,True,True,False,LAT_INFLAMMATION_SEPSIS_BURDEN,unimplemented_by_design,saved_training_direct,final-results/causal-outputs/outputs-physionet-linear-downsample/analyze_cate_results/LAT_COAG_HEME_DYSFUNCTION/LAT_COAG_HEME_DYSFUNCTION_sensitivity_contour.png,ebd85be2232833f051640d9a16b69dbb410e25c221d6d85469e183646368ddb2,Stage 2 real benchmark extraction is currently unimplemented by design in this analysis pipeline for econml in thesis310; this is not a loaded-artifact extraction failure. | Contour plot used a custom reconstructed matplotlib grid from sensitivity parameters with source 'custom_reconstructed_from_residual_params'.,final-results/causal-outputs/outputs-physionet-linear-downsample/analyze_cate_results/benchmark_summary.csv,BENCHMARK_AND_CONTROL_MESSAGE_SCHEMA_VALIDATED,ROBUSTNESS_APPENDIX,PENDING_HUMAN_SELECTION,SENSITIVITY_SOURCE_CLASSIFICATION_RECORDED;REAL_BENCHMARK_MAY_BE_UNIMPLEMENTED,Control-message source: final-results/causal-outputs/outputs-physionet-linear-downsample/analyze_cate_results/control_messages_analyze_cate_results.csv; numerical values copied without recomputation.
physionet,LinearDML,outcome-downsampled,LAT_GLOBAL_SEVERITY,PARTIAL,benchmark_summary,0.10439634323120117,0.07328104931989882,0.3000615473233192,saved_training_direct;saved_training_direct;custom_reconstructed_from_residual_params,False,True,True,False,LAT_INFLAMMATION_SEPSIS_BURDEN,unimplemented_by_design,saved_training_direct,final-results/causal-outputs/outputs-physionet-linear-downsample/analyze_cate_results/LAT_GLOBAL_SEVERITY/LAT_GLOBAL_SEVERITY_sensitivity_contour.png,c8b0cb98524d47714ef1a2102cecd2ebba525af7535e448fff30a5b995ab8863,Stage 2 real benchmark extraction is currently unimplemented by design in this analysis pipeline for econml in thesis310; this is not a loaded-artifact extraction failure. | Contour plot used a custom reconstructed matplotlib grid from sensitivity parameters with source 'custom_reconstructed_from_residual_params'.,final-results/causal-outputs/outputs-physionet-linear-downsample/analyze_cate_results/benchmark_summary.csv,BENCHMARK_AND_CONTROL_MESSAGE_SCHEMA_VALIDATED,ROBUSTNESS_APPENDIX,PENDING_HUMAN_SELECTION,SENSITIVITY_SOURCE_CLASSIFICATION_RECORDED;REAL_BENCHMARK_MAY_BE_UNIMPLEMENTED,Control-message source: final-results/causal-outputs/outputs-physionet-linear-downsample/analyze_cate_results/control_messages_analyze_cate_results.csv; numerical values copied without recomputation.
physionet,LinearDML,outcome-downsampled,LAT_HEPATIC_DYSFUNCTION,PARTIAL,benchmark_summary,0.11690759658813477,0.08886762956027079,0.3129532478697845,saved_training_direct;saved_training_direct;custom_reconstructed_from_residual_params,False,True,True,False,LAT_SHOCK,unimplemented_by_design,saved_training_direct,final-results/causal-outputs/outputs-physionet-linear-downsample/analyze_cate_results/LAT_HEPATIC_DYSFUNCTION/LAT_HEPATIC_DYSFUNCTION_sensitivity_contour.png,4d986853805a1f7c140273f0f92305e01cac1fa96373da38b738c736cd602704,Stage 2 real benchmark extraction is currently unimplemented by design in this analysis pipeline for econml in thesis310; this is not a loaded-artifact extraction failure. | Contour plot used a custom reconstructed matplotlib grid from sensitivity parameters with source 'custom_reconstructed_from_residual_params'.,final-results/causal-outputs/outputs-physionet-linear-downsample/analyze_cate_results/benchmark_summary.csv,BENCHMARK_AND_CONTROL_MESSAGE_SCHEMA_VALIDATED,ROBUSTNESS_APPENDIX,PENDING_HUMAN_SELECTION,SENSITIVITY_SOURCE_CLASSIFICATION_RECORDED;REAL_BENCHMARK_MAY_BE_UNIMPLEMENTED,Control-message source: final-results/causal-outputs/outputs-physionet-linear-downsample/analyze_cate_results/control_messages_analyze_cate_results.csv; numerical values copied without recomputation.
physionet,LinearDML,outcome-downsampled,LAT_INFLAMMATION_SEPSIS_BURDEN,FAILED,benchmark_summary,,,,,False,False,False,False,,,,,,Loaded estimator residuals_ unavailable: ValueError: Estimator residuals_ returned W=None | Used compatibility refit with cache_values=True to test direct sensitivity APIs in thesis310 and recover residual-space diagnostics when needed. | ValueError: Estimator residuals_ returned W=None,final-results/causal-outputs/outputs-physionet-linear-downsample/analyze_cate_results/benchmark_summary.csv,BENCHMARK_AND_CONTROL_MESSAGE_SCHEMA_VALIDATED,ROBUSTNESS_APPENDIX,PENDING_HUMAN_SELECTION,SENSITIVITY_SOURCE_CLASSIFICATION_RECORDED;REAL_BENCHMARK_MAY_BE_UNIMPLEMENTED,Control-message source: final-results/causal-outputs/outputs-physionet-linear-downsample/analyze_cate_results/control_messages_analyze_cate_results.csv; numerical values copied without recomputation.
physionet,LinearDML,outcome-downsampled,LAT_METABOLIC_DERANGEMENT,PARTIAL,benchmark_summary,0.08174800872802734,0.04971112509839447,0.32072990295583514,saved_training_direct;saved_training_direct;custom_reconstructed_from_residual_params,False,True,True,False,LAT_RESPIRATORY_FAILURE,unimplemented_by_design,saved_training_direct,final-results/causal-outputs/outputs-physionet-linear-downsample/analyze_cate_results/LAT_METABOLIC_DERANGEMENT/LAT_METABOLIC_DERANGEMENT_sensitivity_contour.png,d5a88094d80d4b7b89b00b9a5bfd712f21a432073e95fe56d70019f8c9c5e48f,Stage 2 real benchmark extraction is currently unimplemented by design in this analysis pipeline for econml in thesis310; this is not a loaded-artifact extraction failure. | Contour plot used a custom reconstructed matplotlib grid from sensitivity parameters with source 'custom_reconstructed_from_residual_params'.,final-results/causal-outputs/outputs-physionet-linear-downsample/analyze_cate_results/benchmark_summary.csv,BENCHMARK_AND_CONTROL_MESSAGE_SCHEMA_VALIDATED,ROBUSTNESS_APPENDIX,PENDING_HUMAN_SELECTION,SENSITIVITY_SOURCE_CLASSIFICATION_RECORDED;REAL_BENCHMARK_MAY_BE_UNIMPLEMENTED,Control-message source: final-results/causal-outputs/outputs-physionet-linear-downsample/analyze_cate_results/control_messages_analyze_cate_results.csv; numerical values copied without recomputation.
physionet,LinearDML,outcome-downsampled,LAT_NEUROLOGIC_DYSFUNCTION,FAILED,benchmark_summary,,,,,False,False,False,False,,,,,,Loaded estimator residuals_ unavailable: ValueError: Estimator residuals_ returned W=None | Used compatibility refit with cache_values=True to test direct sensitivity APIs in thesis310 and recover residual-space diagnostics when needed. | ValueError: Estimator residuals_ returned W=None,final-results/causal-outputs/outputs-physionet-linear-downsample/analyze_cate_results/benchmark_summary.csv,BENCHMARK_AND_CONTROL_MESSAGE_SCHEMA_VALIDATED,ROBUSTNESS_APPENDIX,PENDING_HUMAN_SELECTION,SENSITIVITY_SOURCE_CLASSIFICATION_RECORDED;REAL_BENCHMARK_MAY_BE_UNIMPLEMENTED,Control-message source: final-results/causal-outputs/outputs-physionet-linear-downsample/analyze_cate_results/control_messages_analyze_cate_results.csv; numerical values copied without recomputation.
physionet,LinearDML,outcome-downsampled,LAT_RENAL_DYSFUNCTION,PARTIAL,benchmark_summary,0.14865779876708984,0.11564270733325191,0.3108081774468442,saved_training_direct;saved_training_direct;custom_reconstructed_from_residual_params,False,True,True,False,LAT_CARDIAC_INJURY_STRAIN,unimplemented_by_design,saved_training_direct,final-results/causal-outputs/outputs-physionet-linear-downsample/analyze_cate_results/LAT_RENAL_DYSFUNCTION/LAT_RENAL_DYSFUNCTION_sensitivity_contour.png,32485149d2b4e107182519752d83304238b26cea58f0cda65e35e288f4bf52cc,Stage 2 real benchmark extraction is currently unimplemented by design in this analysis pipeline for econml in thesis310; this is not a loaded-artifact extraction failure. | Contour plot used a custom reconstructed matplotlib grid from sensitivity parameters with source 'custom_reconstructed_from_residual_params'.,final-results/causal-outputs/outputs-physionet-linear-downsample/analyze_cate_results/benchmark_summary.csv,BENCHMARK_AND_CONTROL_MESSAGE_SCHEMA_VALIDATED,ROBUSTNESS_APPENDIX,PENDING_HUMAN_SELECTION,SENSITIVITY_SOURCE_CLASSIFICATION_RECORDED;REAL_BENCHMARK_MAY_BE_UNIMPLEMENTED,Control-message source: final-results/causal-outputs/outputs-physionet-linear-downsample/analyze_cate_results/control_messages_analyze_cate_results.csv; numerical values copied without recomputation.
physionet,LinearDML,outcome-downsampled,LAT_RESPIRATORY_FAILURE,FAILED,benchmark_summary,,,,,False,False,False,False,,,,,,Loaded estimator residuals_ unavailable: ValueError: Estimator residuals_ returned W=None | Used compatibility refit with cache_values=True to test direct sensitivity APIs in thesis310 and recover residual-space diagnostics when needed. | ValueError: Estimator residuals_ returned W=None,final-results/causal-outputs/outputs-physionet-linear-downsample/analyze_cate_results/benchmark_summary.csv,BENCHMARK_AND_CONTROL_MESSAGE_SCHEMA_VALIDATED,ROBUSTNESS_APPENDIX,PENDING_HUMAN_SELECTION,SENSITIVITY_SOURCE_CLASSIFICATION_RECORDED;REAL_BENCHMARK_MAY_BE_UNIMPLEMENTED,Control-message source: final-results/causal-outputs/outputs-physionet-linear-downsample/analyze_cate_results/control_messages_analyze_cate_results.csv; numerical values copied without recomputation.
physionet,LinearDML,outcome-downsampled,LAT_SHOCK,PARTIAL,benchmark_summary,0.0,-0.13141753888859609,0.104702803993805,saved_training_direct;saved_training_direct;custom_reconstructed_from_residual_params,False,True,True,False,LAT_CARDIAC_INJURY_STRAIN,unimplemented_by_design,saved_training_direct,final-results/causal-outputs/outputs-physionet-linear-downsample/analyze_cate_results/LAT_SHOCK/LAT_SHOCK_sensitivity_contour.png,845983dfacd33dbe519de4e73d778c9f4aa0c1219fa04d2f9b4ec7d6a3d8c5dd,Stage 2 real benchmark extraction is currently unimplemented by design in this analysis pipeline for econml in thesis310; this is not a loaded-artifact extraction failure. | Contour plot used a custom reconstructed matplotlib grid from sensitivity parameters with source 'custom_reconstructed_from_residual_params'.,final-results/causal-outputs/outputs-physionet-linear-downsample/analyze_cate_results/benchmark_summary.csv,BENCHMARK_AND_CONTROL_MESSAGE_SCHEMA_VALIDATED,ROBUSTNESS_APPENDIX,PENDING_HUMAN_SELECTION,SENSITIVITY_SOURCE_CLASSIFICATION_RECORDED;REAL_BENCHMARK_MAY_BE_UNIMPLEMENTED,Control-message source: final-results/causal-outputs/outputs-physionet-linear-downsample/analyze_cate_results/control_messages_analyze_cate_results.csv; numerical values copied without recomputation.
physionet,CausalPFN,original,,INTENTIONAL_SKIP,EconML_sensitivity,,,,not_applicable_to_CausalPFN_pipeline,,,,,,,,,,,,,NOT_APPLICABLE,NOT_APPLICABLE,PFN_INTENTIONAL_SKIP,Run summary records downstream diagnostic skip.
physionet,CausalPFN,outcome-downsampled,,INTENTIONAL_SKIP,EconML_sensitivity,,,,not_applicable_to_CausalPFN_pipeline,,,,,,,,,,,,,NOT_APPLICABLE,NOT_APPLICABLE,PFN_INTENTIONAL_SKIP,Run summary records downstream diagnostic skip.
