figure_id,dataset,estimator,sampling_condition,treatment,source_path,source_sha256,width,height,producing_script,input_source,source_status,selection_status,admission_status,caveat_codes,notes
ARCHIVED-PNG-0001,mimic,CausalForestDML,original,LAT_CARDIAC_STRAIN,final-results/causal-outputs/outputs-mimic-forest/analyze_cate_results/LAT_CARDIAC_STRAIN/LAT_CARDIAC_STRAIN_sensitivity_contour.png,ac63b26bf7f66ba88ec99ff858e2eedba129919fd5b7f11954348ff660e31687,1365,978,,archived direct figure,ARCHIVED,PENDING_HUMAN_SELECTION,ADMISSIBLE_WITH_QUALIFICATIONS,FIGURE_INPUT_PROVENANCE_PARTIAL,Existing direct archived figure; not altered.
ARCHIVED-PNG-0002,mimic,CausalForestDML,original,LAT_GLOBAL_SEVERITY,final-results/causal-outputs/outputs-mimic-forest/analyze_cate_results/LAT_GLOBAL_SEVERITY/LAT_GLOBAL_SEVERITY_sensitivity_contour.png,b187d391ecb64948d85aee2081f2c7048a922c3352284ef97c987a72429f0007,1365,978,,archived direct figure,ARCHIVED,PENDING_HUMAN_SELECTION,ADMISSIBLE_WITH_QUALIFICATIONS,FIGURE_INPUT_PROVENANCE_PARTIAL,Existing direct archived figure; not altered.
ARCHIVED-PNG-0003,mimic,CausalForestDML,original,LAT_HEPATIC_COAG_DYSFUNCTION,final-results/causal-outputs/outputs-mimic-forest/analyze_cate_results/LAT_HEPATIC_COAG_DYSFUNCTION/LAT_HEPATIC_COAG_DYSFUNCTION_sensitivity_contour.png,86d321935a0abd0677d9e6346755a4211b8c2dd2f8a48d0c61cf509d4032917c,1366,978,,archived direct figure,ARCHIVED,PENDING_HUMAN_SELECTION,ADMISSIBLE_WITH_QUALIFICATIONS,FIGURE_INPUT_PROVENANCE_PARTIAL,Existing direct archived figure; not altered.
ARCHIVED-PNG-0004,mimic,CausalForestDML,original,LAT_METABOLIC_DERANGEMENT,final-results/causal-outputs/outputs-mimic-forest/analyze_cate_results/LAT_METABOLIC_DERANGEMENT/LAT_METABOLIC_DERANGEMENT_sensitivity_contour.png,954ee8f4ca04c1e4e01560154784b7e551ab4b5ed722ab283b2da9cbcd368d25,1365,978,,archived direct figure,ARCHIVED,PENDING_HUMAN_SELECTION,ADMISSIBLE_WITH_QUALIFICATIONS,FIGURE_INPUT_PROVENANCE_PARTIAL,Existing direct archived figure; not altered.
ARCHIVED-PNG-0005,mimic,CausalForestDML,original,LAT_NEUROLOGIC_DYSFUNCTION,final-results/causal-outputs/outputs-mimic-forest/analyze_cate_results/LAT_NEUROLOGIC_DYSFUNCTION/LAT_NEUROLOGIC_DYSFUNCTION_sensitivity_contour.png,233962975ac1e810fdd481c6d63c092cc65bd8037faa566a6e031ffa720c30c6,1366,978,,archived direct figure,ARCHIVED,PENDING_HUMAN_SELECTION,ADMISSIBLE_WITH_QUALIFICATIONS,FIGURE_INPUT_PROVENANCE_PARTIAL,Existing direct archived figure; not altered.
ARCHIVED-PNG-0006,mimic,CausalForestDML,original,LAT_RENAL_DYSFUNCTION,final-results/causal-outputs/outputs-mimic-forest/analyze_cate_results/LAT_RENAL_DYSFUNCTION/LAT_RENAL_DYSFUNCTION_sensitivity_contour.png,dd574d6289d73746de654e8f88278d028eaa482571d0c0dd00e2ffcb45496dcd,1366,978,,archived direct figure,ARCHIVED,PENDING_HUMAN_SELECTION,ADMISSIBLE_WITH_QUALIFICATIONS,FIGURE_INPUT_PROVENANCE_PARTIAL,Existing direct archived figure; not altered.
ARCHIVED-PNG-0007,mimic,CausalForestDML,original,LAT_RESPIRATORY_FAILURE,final-results/causal-outputs/outputs-mimic-forest/analyze_cate_results/LAT_RESPIRATORY_FAILURE/LAT_RESPIRATORY_FAILURE_sensitivity_contour.png,f0bb61ec6b7b0c37ece48be3e3d0470322512193b77e6ebb8f44e957ccf6625a,1365,978,,archived direct figure,ARCHIVED,PENDING_HUMAN_SELECTION,ADMISSIBLE_WITH_QUALIFICATIONS,FIGURE_INPUT_PROVENANCE_PARTIAL,Existing direct archived figure; not altered.
ARCHIVED-PNG-0008,mimic,CausalForestDML,original,LAT_SHOCK,final-results/causal-outputs/outputs-mimic-forest/analyze_cate_results/LAT_SHOCK/LAT_SHOCK_sensitivity_contour.png,3a70761b411ae6eb6ec34d8fa4e752cbc2d2d2a8f2bca6b77f49c60d213cfb80,1365,978,,archived direct figure,ARCHIVED,PENDING_HUMAN_SELECTION,ADMISSIBLE_WITH_QUALIFICATIONS,FIGURE_INPUT_PROVENANCE_PARTIAL,Existing direct archived figure; not altered.
ARCHIVED-PNG-0009,mimic,CausalForestDML,original,,final-results/causal-outputs/outputs-mimic-forest/graph/mimic_causal_dag.png,79fa7209166d24a9056753ef785865eb87995b2a363c1b3b5a2bff657fe204d8,5258,3940,,archived direct figure,ARCHIVED,PENDING_HUMAN_SELECTION,ADMISSIBLE_WITH_QUALIFICATIONS,FIGURE_INPUT_PROVENANCE_PARTIAL,Existing direct archived figure; not altered.
ARCHIVED-PNG-0010,mimic,CausalForestDML,outcome-downsampled,LAT_CARDIAC_STRAIN,final-results/causal-outputs/outputs-mimic-forest-downsample/analyze_cate_results/LAT_CARDIAC_STRAIN/LAT_CARDIAC_STRAIN_sensitivity_contour.png,f841d4856db605a9b8fb4bba7613b6b07d2d23c116d63a3d10dc5542f4d6a0c0,1365,978,,archived direct figure,ARCHIVED,PENDING_HUMAN_SELECTION,ADMISSIBLE_WITH_QUALIFICATIONS,FIGURE_INPUT_PROVENANCE_PARTIAL,Existing direct archived figure; not altered.
ARCHIVED-PNG-0011,mimic,CausalForestDML,outcome-downsampled,LAT_GLOBAL_SEVERITY,final-results/causal-outputs/outputs-mimic-forest-downsample/analyze_cate_results/LAT_GLOBAL_SEVERITY/LAT_GLOBAL_SEVERITY_sensitivity_contour.png,cf6776f9a55aebe72454803b9c660958bf782b8f9b8e89fb99d7fd9915b40de9,1365,978,,archived direct figure,ARCHIVED,PENDING_HUMAN_SELECTION,ADMISSIBLE_WITH_QUALIFICATIONS,FIGURE_INPUT_PROVENANCE_PARTIAL,Existing direct archived figure; not altered.
ARCHIVED-PNG-0012,mimic,CausalForestDML,outcome-downsampled,LAT_HEPATIC_COAG_DYSFUNCTION,final-results/causal-outputs/outputs-mimic-forest-downsample/analyze_cate_results/LAT_HEPATIC_COAG_DYSFUNCTION/LAT_HEPATIC_COAG_DYSFUNCTION_sensitivity_contour.png,48170ed61de2f628d00c2a07a5b0646b1ad2e28091cb6c724cbc01ec09836fc1,1366,978,,archived direct figure,ARCHIVED,PENDING_HUMAN_SELECTION,ADMISSIBLE_WITH_QUALIFICATIONS,FIGURE_INPUT_PROVENANCE_PARTIAL,Existing direct archived figure; not altered.
ARCHIVED-PNG-0013,mimic,CausalForestDML,outcome-downsampled,LAT_METABOLIC_DERANGEMENT,final-results/causal-outputs/outputs-mimic-forest-downsample/analyze_cate_results/LAT_METABOLIC_DERANGEMENT/LAT_METABOLIC_DERANGEMENT_sensitivity_contour.png,022907d01e709ebd7982df5d9ecefd4dd794d903bc54a2595e4796f40c2953ef,1366,978,,archived direct figure,ARCHIVED,PENDING_HUMAN_SELECTION,ADMISSIBLE_WITH_QUALIFICATIONS,FIGURE_INPUT_PROVENANCE_PARTIAL,Existing direct archived figure; not altered.
ARCHIVED-PNG-0014,mimic,CausalForestDML,outcome-downsampled,LAT_NEUROLOGIC_DYSFUNCTION,final-results/causal-outputs/outputs-mimic-forest-downsample/analyze_cate_results/LAT_NEUROLOGIC_DYSFUNCTION/LAT_NEUROLOGIC_DYSFUNCTION_sensitivity_contour.png,7fa15a00bba83d2f036ed22fca8b487f9da0ff20f9bdff398e90d09549c56f43,1366,978,,archived direct figure,ARCHIVED,PENDING_HUMAN_SELECTION,ADMISSIBLE_WITH_QUALIFICATIONS,FIGURE_INPUT_PROVENANCE_PARTIAL,Existing direct archived figure; not altered.
ARCHIVED-PNG-0015,mimic,CausalForestDML,outcome-downsampled,LAT_RENAL_DYSFUNCTION,final-results/causal-outputs/outputs-mimic-forest-downsample/analyze_cate_results/LAT_RENAL_DYSFUNCTION/LAT_RENAL_DYSFUNCTION_sensitivity_contour.png,51269845e5cbd550b6368c3b0ca449fe6e1bb07bacca09b123b3a0a92ba4428b,1366,978,,archived direct figure,ARCHIVED,PENDING_HUMAN_SELECTION,ADMISSIBLE_WITH_QUALIFICATIONS,FIGURE_INPUT_PROVENANCE_PARTIAL,Existing direct archived figure; not altered.
ARCHIVED-PNG-0016,mimic,CausalForestDML,outcome-downsampled,LAT_RESPIRATORY_FAILURE,final-results/causal-outputs/outputs-mimic-forest-downsample/analyze_cate_results/LAT_RESPIRATORY_FAILURE/LAT_RESPIRATORY_FAILURE_sensitivity_contour.png,1a637df1dd1229fb564da955192964a87fb1ea7995d441760731fa07252b8391,1366,978,,archived direct figure,ARCHIVED,PENDING_HUMAN_SELECTION,ADMISSIBLE_WITH_QUALIFICATIONS,FIGURE_INPUT_PROVENANCE_PARTIAL,Existing direct archived figure; not altered.
ARCHIVED-PNG-0017,mimic,CausalForestDML,outcome-downsampled,LAT_SHOCK,final-results/causal-outputs/outputs-mimic-forest-downsample/analyze_cate_results/LAT_SHOCK/LAT_SHOCK_sensitivity_contour.png,0c3b217f1a488c00af6765edb86cf3edf7a7e89b9745ae39da660edd3724ebb3,1366,978,,archived direct figure,ARCHIVED,PENDING_HUMAN_SELECTION,ADMISSIBLE_WITH_QUALIFICATIONS,FIGURE_INPUT_PROVENANCE_PARTIAL,Existing direct archived figure; not altered.
ARCHIVED-PNG-0018,mimic,CausalForestDML,outcome-downsampled,,final-results/causal-outputs/outputs-mimic-forest-downsample/graph/mimic_causal_dag.png,79fa7209166d24a9056753ef785865eb87995b2a363c1b3b5a2bff657fe204d8,5258,3940,,archived direct figure,ARCHIVED,PENDING_HUMAN_SELECTION,ADMISSIBLE_WITH_QUALIFICATIONS,FIGURE_INPUT_PROVENANCE_PARTIAL,Existing direct archived figure; not altered.
ARCHIVED-PNG-0019,mimic,LinearDML,original,LAT_CARDIAC_STRAIN,final-results/causal-outputs/outputs-mimic-linear/analyze_cate_results/LAT_CARDIAC_STRAIN/LAT_CARDIAC_STRAIN_sensitivity_contour.png,ac63b26bf7f66ba88ec99ff858e2eedba129919fd5b7f11954348ff660e31687,1365,978,,archived direct figure,ARCHIVED,PENDING_HUMAN_SELECTION,ADMISSIBLE_WITH_QUALIFICATIONS,FIGURE_INPUT_PROVENANCE_PARTIAL,Existing direct archived figure; not altered.
ARCHIVED-PNG-0020,mimic,LinearDML,original,LAT_GLOBAL_SEVERITY,final-results/causal-outputs/outputs-mimic-linear/analyze_cate_results/LAT_GLOBAL_SEVERITY/LAT_GLOBAL_SEVERITY_sensitivity_contour.png,b187d391ecb64948d85aee2081f2c7048a922c3352284ef97c987a72429f0007,1365,978,,archived direct figure,ARCHIVED,PENDING_HUMAN_SELECTION,ADMISSIBLE_WITH_QUALIFICATIONS,FIGURE_INPUT_PROVENANCE_PARTIAL,Existing direct archived figure; not altered.
ARCHIVED-PNG-0021,mimic,LinearDML,original,LAT_HEPATIC_COAG_DYSFUNCTION,final-results/causal-outputs/outputs-mimic-linear/analyze_cate_results/LAT_HEPATIC_COAG_DYSFUNCTION/LAT_HEPATIC_COAG_DYSFUNCTION_sensitivity_contour.png,86d321935a0abd0677d9e6346755a4211b8c2dd2f8a48d0c61cf509d4032917c,1366,978,,archived direct figure,ARCHIVED,PENDING_HUMAN_SELECTION,ADMISSIBLE_WITH_QUALIFICATIONS,FIGURE_INPUT_PROVENANCE_PARTIAL,Existing direct archived figure; not altered.
ARCHIVED-PNG-0022,mimic,LinearDML,original,LAT_METABOLIC_DERANGEMENT,final-results/causal-outputs/outputs-mimic-linear/analyze_cate_results/LAT_METABOLIC_DERANGEMENT/LAT_METABOLIC_DERANGEMENT_sensitivity_contour.png,954ee8f4ca04c1e4e01560154784b7e551ab4b5ed722ab283b2da9cbcd368d25,1365,978,,archived direct figure,ARCHIVED,PENDING_HUMAN_SELECTION,ADMISSIBLE_WITH_QUALIFICATIONS,FIGURE_INPUT_PROVENANCE_PARTIAL,Existing direct archived figure; not altered.
ARCHIVED-PNG-0023,mimic,LinearDML,original,LAT_NEUROLOGIC_DYSFUNCTION,final-results/causal-outputs/outputs-mimic-linear/analyze_cate_results/LAT_NEUROLOGIC_DYSFUNCTION/LAT_NEUROLOGIC_DYSFUNCTION_sensitivity_contour.png,233962975ac1e810fdd481c6d63c092cc65bd8037faa566a6e031ffa720c30c6,1366,978,,archived direct figure,ARCHIVED,PENDING_HUMAN_SELECTION,ADMISSIBLE_WITH_QUALIFICATIONS,FIGURE_INPUT_PROVENANCE_PARTIAL,Existing direct archived figure; not altered.
ARCHIVED-PNG-0024,mimic,LinearDML,original,LAT_RENAL_DYSFUNCTION,final-results/causal-outputs/outputs-mimic-linear/analyze_cate_results/LAT_RENAL_DYSFUNCTION/LAT_RENAL_DYSFUNCTION_sensitivity_contour.png,dd574d6289d73746de654e8f88278d028eaa482571d0c0dd00e2ffcb45496dcd,1366,978,,archived direct figure,ARCHIVED,PENDING_HUMAN_SELECTION,ADMISSIBLE_WITH_QUALIFICATIONS,FIGURE_INPUT_PROVENANCE_PARTIAL,Existing direct archived figure; not altered.
ARCHIVED-PNG-0025,mimic,LinearDML,original,LAT_RESPIRATORY_FAILURE,final-results/causal-outputs/outputs-mimic-linear/analyze_cate_results/LAT_RESPIRATORY_FAILURE/LAT_RESPIRATORY_FAILURE_sensitivity_contour.png,a694a1b8a59e1bd56125b468a7ca4aeaf88ad9a6835835d280a7e4c82024ce19,1365,978,,archived direct figure,ARCHIVED,PENDING_HUMAN_SELECTION,ADMISSIBLE_WITH_QUALIFICATIONS,FIGURE_INPUT_PROVENANCE_PARTIAL,Existing direct archived figure; not altered.
ARCHIVED-PNG-0026,mimic,LinearDML,original,LAT_SHOCK,final-results/causal-outputs/outputs-mimic-linear/analyze_cate_results/LAT_SHOCK/LAT_SHOCK_sensitivity_contour.png,3a70761b411ae6eb6ec34d8fa4e752cbc2d2d2a8f2bca6b77f49c60d213cfb80,1365,978,,archived direct figure,ARCHIVED,PENDING_HUMAN_SELECTION,ADMISSIBLE_WITH_QUALIFICATIONS,FIGURE_INPUT_PROVENANCE_PARTIAL,Existing direct archived figure; not altered.
ARCHIVED-PNG-0027,mimic,LinearDML,original,,final-results/causal-outputs/outputs-mimic-linear/graph/mimic_causal_dag.png,79fa7209166d24a9056753ef785865eb87995b2a363c1b3b5a2bff657fe204d8,5258,3940,,archived direct figure,ARCHIVED,PENDING_HUMAN_SELECTION,ADMISSIBLE_WITH_QUALIFICATIONS,FIGURE_INPUT_PROVENANCE_PARTIAL,Existing direct archived figure; not altered.
ARCHIVED-PNG-0028,mimic,LinearDML,outcome-downsampled,LAT_CARDIAC_STRAIN,final-results/causal-outputs/outputs-mimic-linear-downsample/analyze_cate_results/LAT_CARDIAC_STRAIN/LAT_CARDIAC_STRAIN_sensitivity_contour.png,f841d4856db605a9b8fb4bba7613b6b07d2d23c116d63a3d10dc5542f4d6a0c0,1365,978,,archived direct figure,ARCHIVED,PENDING_HUMAN_SELECTION,ADMISSIBLE_WITH_QUALIFICATIONS,FIGURE_INPUT_PROVENANCE_PARTIAL,Existing direct archived figure; not altered.
ARCHIVED-PNG-0029,mimic,LinearDML,outcome-downsampled,LAT_GLOBAL_SEVERITY,final-results/causal-outputs/outputs-mimic-linear-downsample/analyze_cate_results/LAT_GLOBAL_SEVERITY/LAT_GLOBAL_SEVERITY_sensitivity_contour.png,cf6776f9a55aebe72454803b9c660958bf782b8f9b8e89fb99d7fd9915b40de9,1365,978,,archived direct figure,ARCHIVED,PENDING_HUMAN_SELECTION,ADMISSIBLE_WITH_QUALIFICATIONS,FIGURE_INPUT_PROVENANCE_PARTIAL,Existing direct archived figure; not altered.
ARCHIVED-PNG-0030,mimic,LinearDML,outcome-downsampled,LAT_HEPATIC_COAG_DYSFUNCTION,final-results/causal-outputs/outputs-mimic-linear-downsample/analyze_cate_results/LAT_HEPATIC_COAG_DYSFUNCTION/LAT_HEPATIC_COAG_DYSFUNCTION_sensitivity_contour.png,48170ed61de2f628d00c2a07a5b0646b1ad2e28091cb6c724cbc01ec09836fc1,1366,978,,archived direct figure,ARCHIVED,PENDING_HUMAN_SELECTION,ADMISSIBLE_WITH_QUALIFICATIONS,FIGURE_INPUT_PROVENANCE_PARTIAL,Existing direct archived figure; not altered.
ARCHIVED-PNG-0031,mimic,LinearDML,outcome-downsampled,LAT_METABOLIC_DERANGEMENT,final-results/causal-outputs/outputs-mimic-linear-downsample/analyze_cate_results/LAT_METABOLIC_DERANGEMENT/LAT_METABOLIC_DERANGEMENT_sensitivity_contour.png,763837802dcffa4eb53d829454311dfb318c5c478e44b272042f7b5cc82af307,1366,978,,archived direct figure,ARCHIVED,PENDING_HUMAN_SELECTION,ADMISSIBLE_WITH_QUALIFICATIONS,FIGURE_INPUT_PROVENANCE_PARTIAL,Existing direct archived figure; not altered.
ARCHIVED-PNG-0032,mimic,LinearDML,outcome-downsampled,LAT_NEUROLOGIC_DYSFUNCTION,final-results/causal-outputs/outputs-mimic-linear-downsample/analyze_cate_results/LAT_NEUROLOGIC_DYSFUNCTION/LAT_NEUROLOGIC_DYSFUNCTION_sensitivity_contour.png,7fa15a00bba83d2f036ed22fca8b487f9da0ff20f9bdff398e90d09549c56f43,1366,978,,archived direct figure,ARCHIVED,PENDING_HUMAN_SELECTION,ADMISSIBLE_WITH_QUALIFICATIONS,FIGURE_INPUT_PROVENANCE_PARTIAL,Existing direct archived figure; not altered.
ARCHIVED-PNG-0033,mimic,LinearDML,outcome-downsampled,LAT_RENAL_DYSFUNCTION,final-results/causal-outputs/outputs-mimic-linear-downsample/analyze_cate_results/LAT_RENAL_DYSFUNCTION/LAT_RENAL_DYSFUNCTION_sensitivity_contour.png,51269845e5cbd550b6368c3b0ca449fe6e1bb07bacca09b123b3a0a92ba4428b,1366,978,,archived direct figure,ARCHIVED,PENDING_HUMAN_SELECTION,ADMISSIBLE_WITH_QUALIFICATIONS,FIGURE_INPUT_PROVENANCE_PARTIAL,Existing direct archived figure; not altered.
ARCHIVED-PNG-0034,mimic,LinearDML,outcome-downsampled,LAT_RESPIRATORY_FAILURE,final-results/causal-outputs/outputs-mimic-linear-downsample/analyze_cate_results/LAT_RESPIRATORY_FAILURE/LAT_RESPIRATORY_FAILURE_sensitivity_contour.png,1a637df1dd1229fb564da955192964a87fb1ea7995d441760731fa07252b8391,1366,978,,archived direct figure,ARCHIVED,PENDING_HUMAN_SELECTION,ADMISSIBLE_WITH_QUALIFICATIONS,FIGURE_INPUT_PROVENANCE_PARTIAL,Existing direct archived figure; not altered.
ARCHIVED-PNG-0035,mimic,LinearDML,outcome-downsampled,LAT_SHOCK,final-results/causal-outputs/outputs-mimic-linear-downsample/analyze_cate_results/LAT_SHOCK/LAT_SHOCK_sensitivity_contour.png,0c3b217f1a488c00af6765edb86cf3edf7a7e89b9745ae39da660edd3724ebb3,1366,978,,archived direct figure,ARCHIVED,PENDING_HUMAN_SELECTION,ADMISSIBLE_WITH_QUALIFICATIONS,FIGURE_INPUT_PROVENANCE_PARTIAL,Existing direct archived figure; not altered.
ARCHIVED-PNG-0036,mimic,LinearDML,outcome-downsampled,,final-results/causal-outputs/outputs-mimic-linear-downsample/graph/mimic_causal_dag.png,79fa7209166d24a9056753ef785865eb87995b2a363c1b3b5a2bff657fe204d8,5258,3940,,archived direct figure,ARCHIVED,PENDING_HUMAN_SELECTION,ADMISSIBLE_WITH_QUALIFICATIONS,FIGURE_INPUT_PROVENANCE_PARTIAL,Existing direct archived figure; not altered.
ARCHIVED-PNG-0037,mimic,CausalPFN,original,,final-results/causal-outputs/outputs-mimic-pfn/graph/mimic_causal_dag.png,79fa7209166d24a9056753ef785865eb87995b2a363c1b3b5a2bff657fe204d8,5258,3940,,archived direct figure,ARCHIVED,PENDING_HUMAN_SELECTION,ADMISSIBLE_WITH_QUALIFICATIONS,FIGURE_INPUT_PROVENANCE_PARTIAL,Existing direct archived figure; not altered.
ARCHIVED-PNG-0038,mimic,CausalPFN,outcome-downsampled,,final-results/causal-outputs/outputs-mimic-pfn-downsample/graph/mimic_causal_dag.png,79fa7209166d24a9056753ef785865eb87995b2a363c1b3b5a2bff657fe204d8,5258,3940,,archived direct figure,ARCHIVED,PENDING_HUMAN_SELECTION,ADMISSIBLE_WITH_QUALIFICATIONS,FIGURE_INPUT_PROVENANCE_PARTIAL,Existing direct archived figure; not altered.
ARCHIVED-PNG-0039,physionet,CausalForestDML,original,LAT_CARDIAC_INJURY_STRAIN,final-results/causal-outputs/outputs-physionet-forest/analyze_cate_results/LAT_CARDIAC_INJURY_STRAIN/LAT_CARDIAC_INJURY_STRAIN_sensitivity_contour.png,4cc94f173b2827bd6d11c0696a93592693d18f73883bb261920d6bbb70775f0f,1366,978,,archived direct figure,ARCHIVED,PENDING_HUMAN_SELECTION,ADMISSIBLE_WITH_QUALIFICATIONS,FIGURE_INPUT_PROVENANCE_PARTIAL,Existing direct archived figure; not altered.
ARCHIVED-PNG-0040,physionet,CausalForestDML,original,LAT_COAG_HEME_DYSFUNCTION,final-results/causal-outputs/outputs-physionet-forest/analyze_cate_results/LAT_COAG_HEME_DYSFUNCTION/LAT_COAG_HEME_DYSFUNCTION_sensitivity_contour.png,ff79dd84d3ff17deb2064c84614379ee7732426a4aaff06eb4479d8e0524c526,1365,978,,archived direct figure,ARCHIVED,PENDING_HUMAN_SELECTION,ADMISSIBLE_WITH_QUALIFICATIONS,FIGURE_INPUT_PROVENANCE_PARTIAL,Existing direct archived figure; not altered.
ARCHIVED-PNG-0041,physionet,CausalForestDML,original,LAT_GLOBAL_SEVERITY,final-results/causal-outputs/outputs-physionet-forest/analyze_cate_results/LAT_GLOBAL_SEVERITY/LAT_GLOBAL_SEVERITY_sensitivity_contour.png,8b4ba5c5ea7c5246203c22180374cde4021c2165c09ff937947d4cbbbe9f8ded,1366,978,,archived direct figure,ARCHIVED,PENDING_HUMAN_SELECTION,ADMISSIBLE_WITH_QUALIFICATIONS,FIGURE_INPUT_PROVENANCE_PARTIAL,Existing direct archived figure; not altered.
ARCHIVED-PNG-0042,physionet,CausalForestDML,original,LAT_HEPATIC_DYSFUNCTION,final-results/causal-outputs/outputs-physionet-forest/analyze_cate_results/LAT_HEPATIC_DYSFUNCTION/LAT_HEPATIC_DYSFUNCTION_sensitivity_contour.png,8a4eb448e305843f814743839ccd30b652e7ceb63b391fda50bfa94848b30f8e,1366,978,,archived direct figure,ARCHIVED,PENDING_HUMAN_SELECTION,ADMISSIBLE_WITH_QUALIFICATIONS,FIGURE_INPUT_PROVENANCE_PARTIAL,Existing direct archived figure; not altered.
ARCHIVED-PNG-0043,physionet,CausalForestDML,original,LAT_METABOLIC_DERANGEMENT,final-results/causal-outputs/outputs-physionet-forest/analyze_cate_results/LAT_METABOLIC_DERANGEMENT/LAT_METABOLIC_DERANGEMENT_sensitivity_contour.png,40fb6bf1bf5f104b8268e7d2a883bede787dce6ecfd8154d2c362b040487d6f0,1365,978,,archived direct figure,ARCHIVED,PENDING_HUMAN_SELECTION,ADMISSIBLE_WITH_QUALIFICATIONS,FIGURE_INPUT_PROVENANCE_PARTIAL,Existing direct archived figure; not altered.
ARCHIVED-PNG-0044,physionet,CausalForestDML,original,LAT_RENAL_DYSFUNCTION,final-results/causal-outputs/outputs-physionet-forest/analyze_cate_results/LAT_RENAL_DYSFUNCTION/LAT_RENAL_DYSFUNCTION_sensitivity_contour.png,5e8353978706e8296d411324303b0e792d4560c718fee61b5d21e5389c475f41,1366,978,,archived direct figure,ARCHIVED,PENDING_HUMAN_SELECTION,ADMISSIBLE_WITH_QUALIFICATIONS,FIGURE_INPUT_PROVENANCE_PARTIAL,Existing direct archived figure; not altered.
ARCHIVED-PNG-0045,physionet,CausalForestDML,original,LAT_SHOCK,final-results/causal-outputs/outputs-physionet-forest/analyze_cate_results/LAT_SHOCK/LAT_SHOCK_sensitivity_contour.png,e210290f6b6bba6cfc769185b0fbf46adbba04b38a16ebdee31a06b09febed9c,1365,978,,archived direct figure,ARCHIVED,PENDING_HUMAN_SELECTION,ADMISSIBLE_WITH_QUALIFICATIONS,FIGURE_INPUT_PROVENANCE_PARTIAL,Existing direct archived figure; not altered.
ARCHIVED-PNG-0046,physionet,CausalForestDML,original,,final-results/causal-outputs/outputs-physionet-forest/graph/physionet_causal_dag.png,67d545d696b480136ee9ed58604d2cd56b406832e7b48d5a67b946f4837be7c2,2200,1800,,archived direct figure,ARCHIVED,PENDING_HUMAN_SELECTION,ADMISSIBLE_WITH_QUALIFICATIONS,FIGURE_INPUT_PROVENANCE_PARTIAL,Existing direct archived figure; not altered.
ARCHIVED-PNG-0047,physionet,CausalForestDML,outcome-downsampled,LAT_CARDIAC_INJURY_STRAIN,final-results/causal-outputs/outputs-physionet-forest-downsample/analyze_cate_results/LAT_CARDIAC_INJURY_STRAIN/LAT_CARDIAC_INJURY_STRAIN_sensitivity_contour.png,0a57c7dd619922bc15a6eabc59e9629145f0b92e0ec4def00209c2ffdcb5695b,1365,978,,archived direct figure,ARCHIVED,PENDING_HUMAN_SELECTION,ADMISSIBLE_WITH_QUALIFICATIONS,FIGURE_INPUT_PROVENANCE_PARTIAL,Existing direct archived figure; not altered.
ARCHIVED-PNG-0048,physionet,CausalForestDML,outcome-downsampled,LAT_COAG_HEME_DYSFUNCTION,final-results/causal-outputs/outputs-physionet-forest-downsample/analyze_cate_results/LAT_COAG_HEME_DYSFUNCTION/LAT_COAG_HEME_DYSFUNCTION_sensitivity_contour.png,ebd85be2232833f051640d9a16b69dbb410e25c221d6d85469e183646368ddb2,1366,978,,archived direct figure,ARCHIVED,PENDING_HUMAN_SELECTION,ADMISSIBLE_WITH_QUALIFICATIONS,FIGURE_INPUT_PROVENANCE_PARTIAL,Existing direct archived figure; not altered.
ARCHIVED-PNG-0049,physionet,CausalForestDML,outcome-downsampled,LAT_GLOBAL_SEVERITY,final-results/causal-outputs/outputs-physionet-forest-downsample/analyze_cate_results/LAT_GLOBAL_SEVERITY/LAT_GLOBAL_SEVERITY_sensitivity_contour.png,c8b0cb98524d47714ef1a2102cecd2ebba525af7535e448fff30a5b995ab8863,1366,978,,archived direct figure,ARCHIVED,PENDING_HUMAN_SELECTION,ADMISSIBLE_WITH_QUALIFICATIONS,FIGURE_INPUT_PROVENANCE_PARTIAL,Existing direct archived figure; not altered.
ARCHIVED-PNG-0050,physionet,CausalForestDML,outcome-downsampled,LAT_HEPATIC_DYSFUNCTION,final-results/causal-outputs/outputs-physionet-forest-downsample/analyze_cate_results/LAT_HEPATIC_DYSFUNCTION/LAT_HEPATIC_DYSFUNCTION_sensitivity_contour.png,bb852fa0fbd1e92221b257acbbd4c8ab918298dcb34ddb839c037a0ca276a084,1366,978,,archived direct figure,ARCHIVED,PENDING_HUMAN_SELECTION,ADMISSIBLE_WITH_QUALIFICATIONS,FIGURE_INPUT_PROVENANCE_PARTIAL,Existing direct archived figure; not altered.
ARCHIVED-PNG-0051,physionet,CausalForestDML,outcome-downsampled,LAT_METABOLIC_DERANGEMENT,final-results/causal-outputs/outputs-physionet-forest-downsample/analyze_cate_results/LAT_METABOLIC_DERANGEMENT/LAT_METABOLIC_DERANGEMENT_sensitivity_contour.png,d5a88094d80d4b7b89b00b9a5bfd712f21a432073e95fe56d70019f8c9c5e48f,1366,978,,archived direct figure,ARCHIVED,PENDING_HUMAN_SELECTION,ADMISSIBLE_WITH_QUALIFICATIONS,FIGURE_INPUT_PROVENANCE_PARTIAL,Existing direct archived figure; not altered.
ARCHIVED-PNG-0052,physionet,CausalForestDML,outcome-downsampled,LAT_RENAL_DYSFUNCTION,final-results/causal-outputs/outputs-physionet-forest-downsample/analyze_cate_results/LAT_RENAL_DYSFUNCTION/LAT_RENAL_DYSFUNCTION_sensitivity_contour.png,32485149d2b4e107182519752d83304238b26cea58f0cda65e35e288f4bf52cc,1366,978,,archived direct figure,ARCHIVED,PENDING_HUMAN_SELECTION,ADMISSIBLE_WITH_QUALIFICATIONS,FIGURE_INPUT_PROVENANCE_PARTIAL,Existing direct archived figure; not altered.
ARCHIVED-PNG-0053,physionet,CausalForestDML,outcome-downsampled,LAT_SHOCK,final-results/causal-outputs/outputs-physionet-forest-downsample/analyze_cate_results/LAT_SHOCK/LAT_SHOCK_sensitivity_contour.png,fa6dca76fb1f958d25ab0a375ebdd6be4e6a264fea2cb197eb8761c922a534c3,1366,978,,archived direct figure,ARCHIVED,PENDING_HUMAN_SELECTION,ADMISSIBLE_WITH_QUALIFICATIONS,FIGURE_INPUT_PROVENANCE_PARTIAL,Existing direct archived figure; not altered.
ARCHIVED-PNG-0054,physionet,CausalForestDML,outcome-downsampled,,final-results/causal-outputs/outputs-physionet-forest-downsample/graph/physionet_causal_dag.png,67d545d696b480136ee9ed58604d2cd56b406832e7b48d5a67b946f4837be7c2,2200,1800,,archived direct figure,ARCHIVED,PENDING_HUMAN_SELECTION,ADMISSIBLE_WITH_QUALIFICATIONS,FIGURE_INPUT_PROVENANCE_PARTIAL,Existing direct archived figure; not altered.
ARCHIVED-PNG-0055,physionet,LinearDML,original,LAT_CARDIAC_INJURY_STRAIN,final-results/causal-outputs/outputs-physionet-linear/analyze_cate_results/LAT_CARDIAC_INJURY_STRAIN/LAT_CARDIAC_INJURY_STRAIN_sensitivity_contour.png,4cc94f173b2827bd6d11c0696a93592693d18f73883bb261920d6bbb70775f0f,1366,978,,archived direct figure,ARCHIVED,PENDING_HUMAN_SELECTION,ADMISSIBLE_WITH_QUALIFICATIONS,FIGURE_INPUT_PROVENANCE_PARTIAL,Existing direct archived figure; not altered.
ARCHIVED-PNG-0056,physionet,LinearDML,original,LAT_COAG_HEME_DYSFUNCTION,final-results/causal-outputs/outputs-physionet-linear/analyze_cate_results/LAT_COAG_HEME_DYSFUNCTION/LAT_COAG_HEME_DYSFUNCTION_sensitivity_contour.png,243126d22ca175eb3ebf781a9ee43cf67ea82a546fbdddb9810b540056edc2d4,1365,978,,archived direct figure,ARCHIVED,PENDING_HUMAN_SELECTION,ADMISSIBLE_WITH_QUALIFICATIONS,FIGURE_INPUT_PROVENANCE_PARTIAL,Existing direct archived figure; not altered.
ARCHIVED-PNG-0057,physionet,LinearDML,original,LAT_GLOBAL_SEVERITY,final-results/causal-outputs/outputs-physionet-linear/analyze_cate_results/LAT_GLOBAL_SEVERITY/LAT_GLOBAL_SEVERITY_sensitivity_contour.png,15c62cf42fe9f138aab4666823eab77f407393e9b98b62f45609810a6bf39e66,1366,978,,archived direct figure,ARCHIVED,PENDING_HUMAN_SELECTION,ADMISSIBLE_WITH_QUALIFICATIONS,FIGURE_INPUT_PROVENANCE_PARTIAL,Existing direct archived figure; not altered.
ARCHIVED-PNG-0058,physionet,LinearDML,original,LAT_HEPATIC_DYSFUNCTION,final-results/causal-outputs/outputs-physionet-linear/analyze_cate_results/LAT_HEPATIC_DYSFUNCTION/LAT_HEPATIC_DYSFUNCTION_sensitivity_contour.png,8a4eb448e305843f814743839ccd30b652e7ceb63b391fda50bfa94848b30f8e,1366,978,,archived direct figure,ARCHIVED,PENDING_HUMAN_SELECTION,ADMISSIBLE_WITH_QUALIFICATIONS,FIGURE_INPUT_PROVENANCE_PARTIAL,Existing direct archived figure; not altered.
ARCHIVED-PNG-0059,physionet,LinearDML,original,LAT_METABOLIC_DERANGEMENT,final-results/causal-outputs/outputs-physionet-linear/analyze_cate_results/LAT_METABOLIC_DERANGEMENT/LAT_METABOLIC_DERANGEMENT_sensitivity_contour.png,40fb6bf1bf5f104b8268e7d2a883bede787dce6ecfd8154d2c362b040487d6f0,1365,978,,archived direct figure,ARCHIVED,PENDING_HUMAN_SELECTION,ADMISSIBLE_WITH_QUALIFICATIONS,FIGURE_INPUT_PROVENANCE_PARTIAL,Existing direct archived figure; not altered.
ARCHIVED-PNG-0060,physionet,LinearDML,original,LAT_RENAL_DYSFUNCTION,final-results/causal-outputs/outputs-physionet-linear/analyze_cate_results/LAT_RENAL_DYSFUNCTION/LAT_RENAL_DYSFUNCTION_sensitivity_contour.png,5e8353978706e8296d411324303b0e792d4560c718fee61b5d21e5389c475f41,1366,978,,archived direct figure,ARCHIVED,PENDING_HUMAN_SELECTION,ADMISSIBLE_WITH_QUALIFICATIONS,FIGURE_INPUT_PROVENANCE_PARTIAL,Existing direct archived figure; not altered.
ARCHIVED-PNG-0061,physionet,LinearDML,original,LAT_SHOCK,final-results/causal-outputs/outputs-physionet-linear/analyze_cate_results/LAT_SHOCK/LAT_SHOCK_sensitivity_contour.png,627a5243919adebd1ce00b5c79845bc45f5f5da7e9c734290b78acb6abdb2fa7,1365,978,,archived direct figure,ARCHIVED,PENDING_HUMAN_SELECTION,ADMISSIBLE_WITH_QUALIFICATIONS,FIGURE_INPUT_PROVENANCE_PARTIAL,Existing direct archived figure; not altered.
ARCHIVED-PNG-0062,physionet,LinearDML,original,,final-results/causal-outputs/outputs-physionet-linear/graph/physionet_causal_dag.png,67d545d696b480136ee9ed58604d2cd56b406832e7b48d5a67b946f4837be7c2,2200,1800,,archived direct figure,ARCHIVED,PENDING_HUMAN_SELECTION,ADMISSIBLE_WITH_QUALIFICATIONS,FIGURE_INPUT_PROVENANCE_PARTIAL,Existing direct archived figure; not altered.
ARCHIVED-PNG-0063,physionet,LinearDML,outcome-downsampled,LAT_CARDIAC_INJURY_STRAIN,final-results/causal-outputs/outputs-physionet-linear-downsample/analyze_cate_results/LAT_CARDIAC_INJURY_STRAIN/LAT_CARDIAC_INJURY_STRAIN_sensitivity_contour.png,0a57c7dd619922bc15a6eabc59e9629145f0b92e0ec4def00209c2ffdcb5695b,1365,978,,archived direct figure,ARCHIVED,PENDING_HUMAN_SELECTION,ADMISSIBLE_WITH_QUALIFICATIONS,FIGURE_INPUT_PROVENANCE_PARTIAL,Existing direct archived figure; not altered.
ARCHIVED-PNG-0064,physionet,LinearDML,outcome-downsampled,LAT_COAG_HEME_DYSFUNCTION,final-results/causal-outputs/outputs-physionet-linear-downsample/analyze_cate_results/LAT_COAG_HEME_DYSFUNCTION/LAT_COAG_HEME_DYSFUNCTION_sensitivity_contour.png,ebd85be2232833f051640d9a16b69dbb410e25c221d6d85469e183646368ddb2,1366,978,,archived direct figure,ARCHIVED,PENDING_HUMAN_SELECTION,ADMISSIBLE_WITH_QUALIFICATIONS,FIGURE_INPUT_PROVENANCE_PARTIAL,Existing direct archived figure; not altered.
ARCHIVED-PNG-0065,physionet,LinearDML,outcome-downsampled,LAT_GLOBAL_SEVERITY,final-results/causal-outputs/outputs-physionet-linear-downsample/analyze_cate_results/LAT_GLOBAL_SEVERITY/LAT_GLOBAL_SEVERITY_sensitivity_contour.png,c8b0cb98524d47714ef1a2102cecd2ebba525af7535e448fff30a5b995ab8863,1366,978,,archived direct figure,ARCHIVED,PENDING_HUMAN_SELECTION,ADMISSIBLE_WITH_QUALIFICATIONS,FIGURE_INPUT_PROVENANCE_PARTIAL,Existing direct archived figure; not altered.
ARCHIVED-PNG-0066,physionet,LinearDML,outcome-downsampled,LAT_HEPATIC_DYSFUNCTION,final-results/causal-outputs/outputs-physionet-linear-downsample/analyze_cate_results/LAT_HEPATIC_DYSFUNCTION/LAT_HEPATIC_DYSFUNCTION_sensitivity_contour.png,4d986853805a1f7c140273f0f92305e01cac1fa96373da38b738c736cd602704,1366,978,,archived direct figure,ARCHIVED,PENDING_HUMAN_SELECTION,ADMISSIBLE_WITH_QUALIFICATIONS,FIGURE_INPUT_PROVENANCE_PARTIAL,Existing direct archived figure; not altered.
ARCHIVED-PNG-0067,physionet,LinearDML,outcome-downsampled,LAT_METABOLIC_DERANGEMENT,final-results/causal-outputs/outputs-physionet-linear-downsample/analyze_cate_results/LAT_METABOLIC_DERANGEMENT/LAT_METABOLIC_DERANGEMENT_sensitivity_contour.png,d5a88094d80d4b7b89b00b9a5bfd712f21a432073e95fe56d70019f8c9c5e48f,1366,978,,archived direct figure,ARCHIVED,PENDING_HUMAN_SELECTION,ADMISSIBLE_WITH_QUALIFICATIONS,FIGURE_INPUT_PROVENANCE_PARTIAL,Existing direct archived figure; not altered.
ARCHIVED-PNG-0068,physionet,LinearDML,outcome-downsampled,LAT_RENAL_DYSFUNCTION,final-results/causal-outputs/outputs-physionet-linear-downsample/analyze_cate_results/LAT_RENAL_DYSFUNCTION/LAT_RENAL_DYSFUNCTION_sensitivity_contour.png,32485149d2b4e107182519752d83304238b26cea58f0cda65e35e288f4bf52cc,1366,978,,archived direct figure,ARCHIVED,PENDING_HUMAN_SELECTION,ADMISSIBLE_WITH_QUALIFICATIONS,FIGURE_INPUT_PROVENANCE_PARTIAL,Existing direct archived figure; not altered.
ARCHIVED-PNG-0069,physionet,LinearDML,outcome-downsampled,LAT_SHOCK,final-results/causal-outputs/outputs-physionet-linear-downsample/analyze_cate_results/LAT_SHOCK/LAT_SHOCK_sensitivity_contour.png,845983dfacd33dbe519de4e73d778c9f4aa0c1219fa04d2f9b4ec7d6a3d8c5dd,1366,978,,archived direct figure,ARCHIVED,PENDING_HUMAN_SELECTION,ADMISSIBLE_WITH_QUALIFICATIONS,FIGURE_INPUT_PROVENANCE_PARTIAL,Existing direct archived figure; not altered.
ARCHIVED-PNG-0070,physionet,LinearDML,outcome-downsampled,,final-results/causal-outputs/outputs-physionet-linear-downsample/graph/physionet_causal_dag.png,67d545d696b480136ee9ed58604d2cd56b406832e7b48d5a67b946f4837be7c2,2200,1800,,archived direct figure,ARCHIVED,PENDING_HUMAN_SELECTION,ADMISSIBLE_WITH_QUALIFICATIONS,FIGURE_INPUT_PROVENANCE_PARTIAL,Existing direct archived figure; not altered.
ARCHIVED-PNG-0071,physionet,CausalPFN,original,,final-results/causal-outputs/outputs-physionet-pfn/graph/physionet_causal_dag.png,67d545d696b480136ee9ed58604d2cd56b406832e7b48d5a67b946f4837be7c2,2200,1800,,archived direct figure,ARCHIVED,PENDING_HUMAN_SELECTION,ADMISSIBLE_WITH_QUALIFICATIONS,FIGURE_INPUT_PROVENANCE_PARTIAL,Existing direct archived figure; not altered.
ARCHIVED-PNG-0072,physionet,CausalPFN,outcome-downsampled,,final-results/causal-outputs/outputs-physionet-pfn-downsample/graph/physionet_causal_dag.png,67d545d696b480136ee9ed58604d2cd56b406832e7b48d5a67b946f4837be7c2,2200,1800,,archived direct figure,ARCHIVED,PENDING_HUMAN_SELECTION,ADMISSIBLE_WITH_QUALIFICATIONS,FIGURE_INPUT_PROVENANCE_PARTIAL,Existing direct archived figure; not altered.
ARCHIVED-PNG-0073,mimic_iii,,,,final-results/strats-outputs/mimic_iii/gru/gru-train_frac-0.5-run-1o10/learning_curve_loss.png,0600e1561ddf10d9c82444944954dcfb969956d4be54637ce47993470c7629e0,1500,900,,archived direct figure,ARCHIVED,PENDING_HUMAN_SELECTION,ADMISSIBLE_WITH_QUALIFICATIONS,FIGURE_INPUT_PROVENANCE_PARTIAL,Existing direct archived figure; not altered.
ARCHIVED-PNG-0074,mimic_iii,,,,final-results/strats-outputs/mimic_iii/gru/gru-train_frac-0.5-run-1o10/learning_curve_metrics.png,7035f09b04ab295521b925d1bb6a552af813c60f4d3cf9c12155cacbeaf37ff7,1500,900,,archived direct figure,ARCHIVED,PENDING_HUMAN_SELECTION,ADMISSIBLE_WITH_QUALIFICATIONS,FIGURE_INPUT_PROVENANCE_PARTIAL,Existing direct archived figure; not altered.
ARCHIVED-PNG-0075,mimic_iii,,,,final-results/strats-outputs/mimic_iii/grud/grud-train_frac-0.5-run-1o10/learning_curve_loss.png,df9f7f401b27d462f6521dcfa51c6bc0fe9c0001796e6e16b7f8ea4fcd489b4d,1500,900,,archived direct figure,ARCHIVED,PENDING_HUMAN_SELECTION,ADMISSIBLE_WITH_QUALIFICATIONS,FIGURE_INPUT_PROVENANCE_PARTIAL,Existing direct archived figure; not altered.
ARCHIVED-PNG-0076,mimic_iii,,,,final-results/strats-outputs/mimic_iii/grud/grud-train_frac-0.5-run-1o10/learning_curve_metrics.png,74aa1fc490fb3700526c86637e980ec67e29f2646bed48abfa6df7ccc7c2eaee,1500,900,,archived direct figure,ARCHIVED,PENDING_HUMAN_SELECTION,ADMISSIBLE_WITH_QUALIFICATIONS,FIGURE_INPUT_PROVENANCE_PARTIAL,Existing direct archived figure; not altered.
ARCHIVED-PNG-0077,mimic_iii,,,,final-results/strats-outputs/mimic_iii/pretrain/learning_curve_loss.png,b33bb375d883ede0d6094a34f88a291b3f5262c2128e097f88a53add633a6b77,1500,900,,archived direct figure,ARCHIVED,PENDING_HUMAN_SELECTION,ADMISSIBLE_WITH_QUALIFICATIONS,FIGURE_INPUT_PROVENANCE_PARTIAL,Existing direct archived figure; not altered.
ARCHIVED-PNG-0078,mimic_iii,,,,final-results/strats-outputs/mimic_iii/pretrain/learning_curve_metrics.png,f496dec712cb19e67e35771e2b87878b92bf6236319067fe5727eef5f5d0c74b,1500,900,,archived direct figure,ARCHIVED,PENDING_HUMAN_SELECTION,ADMISSIBLE_WITH_QUALIFICATIONS,FIGURE_INPUT_PROVENANCE_PARTIAL,Existing direct archived figure; not altered.
ARCHIVED-PNG-0079,mimic_iii,,,,final-results/strats-outputs/mimic_iii/sand/sand-train_frac-0.5-run-1o10/learning_curve_loss.png,3b5950849cb231c8b1c0a81ef5a0f49620d09c4b8fce1e0b59b05787c107dfbb,1500,900,,archived direct figure,ARCHIVED,PENDING_HUMAN_SELECTION,ADMISSIBLE_WITH_QUALIFICATIONS,FIGURE_INPUT_PROVENANCE_PARTIAL,Existing direct archived figure; not altered.
ARCHIVED-PNG-0080,mimic_iii,,,,final-results/strats-outputs/mimic_iii/sand/sand-train_frac-0.5-run-1o10/learning_curve_metrics.png,f2a4c5ad692b7fb03ac7ba831629ba5a2ff984472f45a539672e05dc3ffff776,1500,900,,archived direct figure,ARCHIVED,PENDING_HUMAN_SELECTION,ADMISSIBLE_WITH_QUALIFICATIONS,FIGURE_INPUT_PROVENANCE_PARTIAL,Existing direct archived figure; not altered.
ARCHIVED-PNG-0081,mimic_iii,,,,final-results/strats-outputs/mimic_iii/strats/finetune_strats/learning_curve_loss.png,61d3dd61e9e1625318e3da90c5c5bf0216bbc9e2b92d54073cd1f73821b41fc5,1500,900,,archived direct figure,ARCHIVED,PENDING_HUMAN_SELECTION,ADMISSIBLE_WITH_QUALIFICATIONS,FIGURE_INPUT_PROVENANCE_PARTIAL,Existing direct archived figure; not altered.
ARCHIVED-PNG-0082,mimic_iii,,,,final-results/strats-outputs/mimic_iii/strats/finetune_strats/learning_curve_metrics.png,057c376923493a4d41a0adb72632e6be695378ec7aa860d72ea028db783c24b3,1500,900,,archived direct figure,ARCHIVED,PENDING_HUMAN_SELECTION,ADMISSIBLE_WITH_QUALIFICATIONS,FIGURE_INPUT_PROVENANCE_PARTIAL,Existing direct archived figure; not altered.
ARCHIVED-PNG-0083,mimic_iii,,,,final-results/strats-outputs/mimic_iii/tcn/tcn-train_frac-0.5-run-1o10/learning_curve_loss.png,dd861762e5145b0465b557011f6f6ae494beaa71e8983385e5b6d266e615a089,1500,900,,archived direct figure,ARCHIVED,PENDING_HUMAN_SELECTION,ADMISSIBLE_WITH_QUALIFICATIONS,FIGURE_INPUT_PROVENANCE_PARTIAL,Existing direct archived figure; not altered.
ARCHIVED-PNG-0084,mimic_iii,,,,final-results/strats-outputs/mimic_iii/tcn/tcn-train_frac-0.5-run-1o10/learning_curve_metrics.png,777d50c0c81bcabceefd87ec22dc2b2193890532d18e239ed7e35ab35a550060,1500,900,,archived direct figure,ARCHIVED,PENDING_HUMAN_SELECTION,ADMISSIBLE_WITH_QUALIFICATIONS,FIGURE_INPUT_PROVENANCE_PARTIAL,Existing direct archived figure; not altered.
ARCHIVED-PNG-0085,physionet_2012,,,,final-results/strats-outputs/physionet_2012/gru/gru-train_frac-0.5-run-1o10/learning_curve_loss.png,aecfd19d2926f108360b46e12619e608944dce00575068de72d09fc7f64ae005,1500,900,,archived direct figure,ARCHIVED,PENDING_HUMAN_SELECTION,ADMISSIBLE_WITH_QUALIFICATIONS,FIGURE_INPUT_PROVENANCE_PARTIAL,Existing direct archived figure; not altered.
ARCHIVED-PNG-0086,physionet_2012,,,,final-results/strats-outputs/physionet_2012/gru/gru-train_frac-0.5-run-1o10/learning_curve_metrics.png,82216d154ddabefdb8c57fc4148273b1fdd3acd3c0b4a26bc84152ebb1e59a03,1500,900,,archived direct figure,ARCHIVED,PENDING_HUMAN_SELECTION,ADMISSIBLE_WITH_QUALIFICATIONS,FIGURE_INPUT_PROVENANCE_PARTIAL,Existing direct archived figure; not altered.
ARCHIVED-PNG-0087,physionet_2012,,,,final-results/strats-outputs/physionet_2012/grud/grud-train_frac-0.5-run-1o10/learning_curve_loss.png,29c2513d27f5b4168aa6873d737a386c00befc677c5b2cfbc5400d895fd96c38,1500,900,,archived direct figure,ARCHIVED,PENDING_HUMAN_SELECTION,ADMISSIBLE_WITH_QUALIFICATIONS,FIGURE_INPUT_PROVENANCE_PARTIAL,Existing direct archived figure; not altered.
ARCHIVED-PNG-0088,physionet_2012,,,,final-results/strats-outputs/physionet_2012/grud/grud-train_frac-0.5-run-1o10/learning_curve_metrics.png,ec2c868a25c612e7e62a837ce65157dc2b6a4b3fcac50cfea2bf0cb4b9306527,1500,900,,archived direct figure,ARCHIVED,PENDING_HUMAN_SELECTION,ADMISSIBLE_WITH_QUALIFICATIONS,FIGURE_INPUT_PROVENANCE_PARTIAL,Existing direct archived figure; not altered.
ARCHIVED-PNG-0089,physionet_2012,,,,final-results/strats-outputs/physionet_2012/pretrain/learning_curve_loss.png,b90046af7359603eceb9d4dbc6605e0932bb2ed530440090749bc56cae78ec65,1500,900,,archived direct figure,ARCHIVED,PENDING_HUMAN_SELECTION,ADMISSIBLE_WITH_QUALIFICATIONS,FIGURE_INPUT_PROVENANCE_PARTIAL,Existing direct archived figure; not altered.
ARCHIVED-PNG-0090,physionet_2012,,,,final-results/strats-outputs/physionet_2012/pretrain/learning_curve_metrics.png,f496dec712cb19e67e35771e2b87878b92bf6236319067fe5727eef5f5d0c74b,1500,900,,archived direct figure,ARCHIVED,PENDING_HUMAN_SELECTION,ADMISSIBLE_WITH_QUALIFICATIONS,FIGURE_INPUT_PROVENANCE_PARTIAL,Existing direct archived figure; not altered.
ARCHIVED-PNG-0091,physionet_2012,,,,final-results/strats-outputs/physionet_2012/sand/sand-train_frac-0.5-run-1o10/learning_curve_loss.png,73d3fd90023a3f8dcb792297bfa0125a1495e08ff699d376f6f010b4f9d54137,1500,900,,archived direct figure,ARCHIVED,PENDING_HUMAN_SELECTION,ADMISSIBLE_WITH_QUALIFICATIONS,FIGURE_INPUT_PROVENANCE_PARTIAL,Existing direct archived figure; not altered.
ARCHIVED-PNG-0092,physionet_2012,,,,final-results/strats-outputs/physionet_2012/sand/sand-train_frac-0.5-run-1o10/learning_curve_metrics.png,529e9e90ff91c80459551400be15c578647aca20a0610e27b78fb0264d56dc14,1500,900,,archived direct figure,ARCHIVED,PENDING_HUMAN_SELECTION,ADMISSIBLE_WITH_QUALIFICATIONS,FIGURE_INPUT_PROVENANCE_PARTIAL,Existing direct archived figure; not altered.
ARCHIVED-PNG-0093,physionet_2012,,,,final-results/strats-outputs/physionet_2012/strats/finetune_strats/learning_curve_loss.png,b3e74c1a72d77c3ab393c1c90d6ac79a742e39f2c859a78cfbed6657c7ba2706,1500,900,,archived direct figure,ARCHIVED,PENDING_HUMAN_SELECTION,ADMISSIBLE_WITH_QUALIFICATIONS,FIGURE_INPUT_PROVENANCE_PARTIAL,Existing direct archived figure; not altered.
ARCHIVED-PNG-0094,physionet_2012,,,,final-results/strats-outputs/physionet_2012/strats/finetune_strats/learning_curve_metrics.png,b4e357d3491d8663234c0f04ee97f9ace701fc5a38aba8a2b66b0a3501f88921,1500,900,,archived direct figure,ARCHIVED,PENDING_HUMAN_SELECTION,ADMISSIBLE_WITH_QUALIFICATIONS,FIGURE_INPUT_PROVENANCE_PARTIAL,Existing direct archived figure; not altered.
ARCHIVED-PNG-0095,physionet_2012,,,,final-results/strats-outputs/physionet_2012/tcn/tcn-train_frac-0.5-run-1o10/learning_curve_loss.png,25e739cce711ccc06ed8cb9f00c5a7ca7acf01f1246ab835923b0042ea4333b1,1500,900,,archived direct figure,ARCHIVED,PENDING_HUMAN_SELECTION,ADMISSIBLE_WITH_QUALIFICATIONS,FIGURE_INPUT_PROVENANCE_PARTIAL,Existing direct archived figure; not altered.
ARCHIVED-PNG-0096,physionet_2012,,,,final-results/strats-outputs/physionet_2012/tcn/tcn-train_frac-0.5-run-1o10/learning_curve_metrics.png,11cfdbb197d11dae03a84d7bbd1bc0fa999610b43f43c3b38ffdacbffda4985f,1500,900,,archived direct figure,ARCHIVED,PENDING_HUMAN_SELECTION,ADMISSIBLE_WITH_QUALIFICATIONS,FIGURE_INPUT_PROVENANCE_PARTIAL,Existing direct archived figure; not altered.
F-CATE-DIST-01,,,,,,,,,,,PLANNED_NOT_GENERATED,PENDING_HUMAN_SELECTION,BLOCKED_MISSING_RESULT,PLANNED_FIGURE_NOT_YET_ADMISSIBLE,Planning identifier; no figure generated in Stage 4.6A.
F-FEATURE-IMP-01,,,,,,,,,,,PLANNED_NOT_GENERATED,PENDING_HUMAN_SELECTION,BLOCKED_MISSING_RESULT,PLANNED_FIGURE_NOT_YET_ADMISSIBLE,Planning identifier; no figure generated in Stage 4.6A.
F-LC-ALL,,,,,,,,,,,PLANNED_NOT_GENERATED,PENDING_HUMAN_SELECTION,BLOCKED_MISSING_RESULT,PLANNED_FIGURE_NOT_YET_ADMISSIBLE,Planning identifier; no figure generated in Stage 4.6A.
F-LC-MIMIC-STRATS,,,,,,,,,,,PLANNED_NOT_GENERATED,PENDING_HUMAN_SELECTION,BLOCKED_MISSING_RESULT,PLANNED_FIGURE_NOT_YET_ADMISSIBLE,Planning identifier; no figure generated in Stage 4.6A.
F-LC-PHY-STRATS,,,,,,,,,,,PLANNED_NOT_GENERATED,PENDING_HUMAN_SELECTION,BLOCKED_MISSING_RESULT,PLANNED_FIGURE_NOT_YET_ADMISSIBLE,Planning identifier; no figure generated in Stage 4.6A.
F-MODEL-COMP-01,,,,,,,,,,,PLANNED_NOT_GENERATED,PENDING_HUMAN_SELECTION,BLOCKED_MISSING_RESULT,PLANNED_FIGURE_NOT_YET_ADMISSIBLE,Planning identifier; no figure generated in Stage 4.6A.
F-OVERLAP-01,,,,,,,,,,,PLANNED_NOT_GENERATED,PENDING_HUMAN_SELECTION,BLOCKED_MISSING_RESULT,PLANNED_FIGURE_NOT_YET_ADMISSIBLE,Planning identifier; no figure generated in Stage 4.6A.
F-PERM-01,,,,,,,,,,,PLANNED_NOT_GENERATED,PENDING_HUMAN_SELECTION,BLOCKED_MISSING_RESULT,PLANNED_FIGURE_NOT_YET_ADMISSIBLE,Planning identifier; no figure generated in Stage 4.6A.
F-PROXY-COOC-01,,,,,,,,,,,PLANNED_NOT_GENERATED,PENDING_HUMAN_SELECTION,BLOCKED_MISSING_RESULT,PLANNED_FIGURE_NOT_YET_ADMISSIBLE,Planning identifier; no figure generated in Stage 4.6A.
F-PROXY-PREV-01,,,,,,,,,,,PLANNED_NOT_GENERATED,PENDING_HUMAN_SELECTION,BLOCKED_MISSING_RESULT,PLANNED_FIGURE_NOT_YET_ADMISSIBLE,Planning identifier; no figure generated in Stage 4.6A.
F-SENS-SELECT,,,,,,,,,,,PLANNED_NOT_GENERATED,PENDING_HUMAN_SELECTION,BLOCKED_MISSING_RESULT,PLANNED_FIGURE_NOT_YET_ADMISSIBLE,Planning identifier; no figure generated in Stage 4.6A.
OPTION-CAUSAL_DAG_OVERVIEW,cross-dataset,,,,thesis-writing/figures-options/causal_dag_overview.png,79fa7209166d24a9056753ef785865eb87995b2a363c1b3b5a2bff657fe204d8,5258,3940,,none,OPTIONAL_FIGURE_ARCHIVED,EXCLUDED_FROM_THESIS,EXCLUDED_LEGACY,NOT_SELECTED,role=EXCLUDED; Redundant with verified dataset-specific DAGs.
OPTION-CORRELATION_VS_CAUSATION,cross-dataset,,,,thesis-writing/figures-options/correlation_vs_causation.png,5e151d7f76d835294a0fd3189dd9555103edce449df00cbc893bc739001a4aa8,2688,1596,,none,OPTIONAL_FIGURE_ARCHIVED,EXCLUDED_FROM_THESIS,EXCLUDED_LEGACY,NOT_SELECTED,role=EXCLUDED; Generic rather than project-specific.
OPTION-CROSS_MODEL_DIRECTION_COUNTS,cross-dataset,,,,thesis-writing/figures-options/cross_model_direction_counts.png,3fe798a320b6c96f1c106f0b81b4d856aef902976c84f10df40a30a4947ba32b,1739,978,,checked_cate_candidates.csv,OPTIONAL_FIGURE_ARCHIVED,EXCLUDED_FROM_THESIS,BLOCKED_VALUE_CONFLICT,BLOCKED_VALUE_CONFLICT,role=EXCLUDED_PROVENANCE; Image aggregates all sampling modes and remains blocked and excluded; corrected replacement is thesis-writing/thesis/figures/results_original_three_estimator_direction_agreement.png.
OPTION-ICU_SCATTERED_EVENTS,cross-dataset,,,,thesis-writing/figures-options/icu_scattered_events.png,cd5f710ab12e62e6b15ac0d187fc6435bcf73e096a8b6f176c6521995255dc20,1138,639,,none,OPTIONAL_FIGURE_ARCHIVED,RETAIN_LATER_METHODS_BACKGROUND,ADMISSIBLE_WITH_QUALIFICATIONS,NOT_NUMERICAL_ILLUSTRATION,role=METHODS_BACKGROUND_LATER; Do not insert during this repair.
OPTION-LATENT_STATE_TAGS,cross-dataset,,,,thesis-writing/figures-options/latent_state_tags.png,132ee1f56681e1b57ce573e4059efbcd4f23315e40ba3911039bd0ff47aa1b92,1351,759,,none,OPTIONAL_FIGURE_ARCHIVED,RETAIN_LATER_METHODS_BACKGROUND,ADMISSIBLE_WITH_QUALIFICATIONS,NOT_NUMERICAL_ILLUSTRATION,role=METHODS_BACKGROUND_LATER; Do not insert during this repair.
OPTION-MAJORITY_VOTE_TAG_CLEANING,cross-dataset,,,,thesis-writing/figures-options/majority_vote_tag_cleaning.png,30eec0f38f3b598f094cdc55e33fc5173ded4aea2994c8e21c193f9a6e0708ee,1031,579,,none,OPTIONAL_FIGURE_ARCHIVED,RETAIN_LATER_METHODS_BACKGROUND,ADMISSIBLE_WITH_QUALIFICATIONS,NOT_NUMERICAL_ILLUSTRATION,role=METHODS_BACKGROUND_LATER; Do not insert during this repair.
OPTION-MIMIC_ALL_RUN_STABILITY,mimic,,,,thesis-writing/figures-options/mimic_all_run_stability.png,b55185122eafb914429e96d0c353301043090cab400e3258f0ac5617d1107ffb,1601,896,,checked_cate_candidates.csv,OPTIONAL_FIGURE_ARCHIVED,SUPPORTING_APPENDIX,ADMISSIBLE_WITH_QUALIFICATIONS,VALIDATED_SOURCE_ROUNDED,role=APPENDIX; Separates original and outcome-downsampled bars; descriptive stability display.
OPTION-MIMIC_NON_DOWNSAMPLED_CATE_RANKING,mimic,,,,thesis-writing/figures-options/mimic_non_downsampled_cate_ranking.png,e54ad1cf1d268135def7312f69065b49221a505d04d885720eb2d984e8e0428a,1461,831,,checked_cate_candidates.csv,OPTIONAL_FIGURE_ARCHIVED,EXCLUDED_FROM_THESIS,BLOCKED_VALUE_CONFLICT,BLOCKED_VALUE_CONFLICT,"role=EXCLUDED_PROVENANCE; Labels equal the two-DML average rather than the image-labelled three-estimator median; remains blocked and excluded; corrected replacement is thesis-writing/thesis/figures/results_mimic_forest_original_cate_ranking.png."
OPTION-MORTALITY_PREDICTION_METRICS,cross-dataset,,,,thesis-writing/figures-options/mortality_prediction_metrics.png,31a50483797e93a010c186c9f77ed9c98eb0754b7c2954381d14fb2caa4efe01,1459,779,,checked_mortality_prediction.csv,OPTIONAL_FIGURE_ARCHIVED,EXCLUDED_FROM_THESIS,EXCLUDED_LEGACY,NOT_SELECTED,role=EXCLUDED; Superseded by corrected AUROC/AUPRC figure.
OPTION-MORTALITY_PREDICTION_TRUE_AUROC_AUPRC,cross-dataset,,,,thesis-writing/figures-options/mortality_prediction_true_auroc_auprc.png,4f3733e7cc00d261aa0933c2e2bfdad44f5481a72b2facb41e231d6c4e524116,1619,771,,checked_mortality_prediction.csv,OPTIONAL_FIGURE_ARCHIVED,SUPPORTING_APPENDIX,ADMISSIBLE_WITH_QUALIFICATIONS,VALIDATED_SOURCE_ROUNDED,role=APPENDIX; Test AUROC/AUPRC from archived proxy-state mortality-prediction text; predictive association only.
OPTION-PERMUTATION_NULL_CHECK,cross-dataset,,,,thesis-writing/figures-options/permutation_null_check.png,891370daff1d5f286845f2c6a46bb39eb632cf564da6d6d2cf26e496bf567d6f,1619,839,,checked_permutation_candidates.csv,OPTIONAL_FIGURE_ARCHIVED,SUPPORTING_APPENDIX,ADMISSIBLE_WITH_QUALIFICATIONS,VALIDATED_SOURCE_ROUNDED,role=APPENDIX; Aggregate permutation sanity diagnostic; not identification proof.
OPTION-PHYSIONET_ALL_RUN_STABILITY,physionet,,,,thesis-writing/figures-options/physionet_all_run_stability.png,d4aba191795b0713f4c1f31a96acf1c7916e4860e374e7a3ba2694b237901bd7,1602,971,,checked_cate_candidates.csv,OPTIONAL_FIGURE_ARCHIVED,SUPPORTING_APPENDIX,ADMISSIBLE_WITH_QUALIFICATIONS,VALIDATED_SOURCE_ROUNDED,role=APPENDIX; Separates original and outcome-downsampled bars; descriptive stability display.
OPTION-PHYSIONET_NON_DOWNSAMPLED_CATE_RANKING,physionet,,,,thesis-writing/figures-options/physionet_non_downsampled_cate_ranking.png,890db4d998ca1c4d8fe8b31024291f508ab01c5a418db280a3c1ebf793bfdf2c,1460,899,,checked_cate_candidates.csv,OPTIONAL_FIGURE_ARCHIVED,EXCLUDED_FROM_THESIS,BLOCKED_VALUE_CONFLICT,BLOCKED_VALUE_CONFLICT,"role=EXCLUDED_PROVENANCE; Labels equal the two-DML average rather than the image-labelled three-estimator median; remains blocked and excluded; corrected replacement is thesis-writing/thesis/figures/results_physionet_forest_original_cate_ranking.png."
OPTION-SENSITIVITY_INTERVALS,cross-dataset,,,,thesis-writing/figures-options/sensitivity_intervals.png,e3ee2c49b3e79e5de5122ebb24f2abdf6ec346dd68d9a017d2ed411c40ea65cc,1699,1019,,checked_sensitivity_candidates.csv,OPTIONAL_FIGURE_ARCHIVED,SUPPORTING_APPENDIX,ADMISSIBLE_WITH_QUALIFICATIONS,VALIDATED_SOURCE_ROUNDED,role=APPENDIX; Interval display retains archived diagnostic source limitations; does not validate the DAG or eliminate confounding.
OPTION-SENSITIVITY_INTERVALS_TRIMMED,cross-dataset,,,,thesis-writing/figures-options/sensitivity_intervals_trimmed.png,be4c79604fcd81e6e43d757ba21e958e96ad2e07bea79f71e52e29a5cd0df80f,1700,978,,checked_sensitivity_candidates.csv,OPTIONAL_FIGURE_ARCHIVED,EXCLUDED_FROM_THESIS,EXCLUDED_LEGACY,NOT_SELECTED,role=EXCLUDED; Truncated visual range risks selective emphasis.
OPTION-SHOCK_RULE_TREE,cross-dataset,,,,thesis-writing/figures-options/shock_rule_tree.png,4140d52e41b83f2ff3b990c58ce8253c24f1b5415cf2db1332928dc027371cc3,1192,716,,checked_proxy_prevalence.csv,OPTIONAL_FIGURE_ARCHIVED,SUPPORTING_APPENDIX,ADMISSIBLE_WITH_QUALIFICATIONS,NOT_NUMERICAL_ILLUSTRATION,"role=APPENDIX; One illustrative proxy-rule example, not clinical validation."
GENERATED-MIMIC-FOREST-ORIGINAL-RANKING,mimic,CausalForestDML,original,,thesis-writing/thesis/figures/results_mimic_forest_original_cate_ranking.png,e87b0d768ee3e1f11835d8fc7beb324c0b7a72e6ddc374c0872610cd1242b969,3360,2220,thesis-writing/results/generate_stage_4_6B_main_figures.py,thesis-writing/results/checked_cate_candidates.csv,SOURCE_EXACT_GENERATED,MAIN_RESULTS,ADMISSIBLE_WITH_QUALIFICATIONS,DESCRIPTIVE_RANKING;NO_INTERVALS;CAUSAL_ASSUMPTIONS_REQUIRED,"artifact_role=generated checked result figure; filter=dataset=mimic|estimator=CausalForestDML|sampling_condition=original|selection_status=PRIMARY_MAIN_TEXT; source_rows=9; placement=Chapter 10 Primary CausalForestDML Results; caption=original-cohort MIMIC-III mean model-estimated CATE with all nine exposures and descriptive/causal limitations."
GENERATED-PHYSIONET-FOREST-ORIGINAL-RANKING,physionet,CausalForestDML,original,,thesis-writing/thesis/figures/results_physionet_forest_original_cate_ranking.png,1a64ad1dac16fae862ae886b1f3d19d878c3043cccc3d32b22ae2472bb854c87,3360,2430,thesis-writing/results/generate_stage_4_6B_main_figures.py,thesis-writing/results/checked_cate_candidates.csv,SOURCE_EXACT_GENERATED,MAIN_RESULTS,ADMISSIBLE_WITH_QUALIFICATIONS,DESCRIPTIVE_RANKING;NO_INTERVALS;CAUSAL_ASSUMPTIONS_REQUIRED,"artifact_role=generated checked result figure; filter=dataset=physionet|estimator=CausalForestDML|sampling_condition=original|selection_status=PRIMARY_MAIN_TEXT; source_rows=10; placement=Chapter 10 Primary CausalForestDML Results; caption=original-cohort PhysioNet mean model-estimated CATE with all ten exposures negative shock retained and descriptive/causal limitations."
GENERATED-ORIGINAL-THREE-ESTIMATOR-DIRECTION,cross-dataset,CausalForestDML;LinearDML;CausalPFN,original,,thesis-writing/thesis/figures/results_original_three_estimator_direction_agreement.png,0f2b89b3fce68b965c79387287f7651e635d91cf4e8232e079acc4cb640b59ea,3060,1740,thesis-writing/results/generate_stage_4_6B_main_figures.py,thesis-writing/results/checked_cate_candidates.csv,SOURCE_EXACT_GENERATED,MAIN_RESULTS,ADMISSIBLE_WITH_QUALIFICATIONS,DIRECTION_ONLY;NO_DOWNSAMPLED_ROWS;NO_EQUIVALENCE_CLAIM,"artifact_role=generated checked result figure; filter=sampling_condition=original|estimators=CausalForestDML+LinearDML+CausalPFN; source_rows=57; joined_comparisons=19; placement=Chapter 10 CausalPFN Exploratory Results; caption=18/19 concordant MIMIC 9/9 PhysioNet 9/10 PhysioNet shock sole exception with no magnitude/equivalence/causal-validity claim."
