dataset,estimator,sampling_condition,treatment,diagnostic_type,source_path,source_sha256,row_count,feature_count,interval_available,figure_candidate,admission_status,selection_status,caveat_codes,notes
mimic,CausalForestDML,original,LAT_CARDIAC_STRAIN,patient_level_cate_distribution,final-results/causal-outputs/outputs-mimic-forest/cate_estimation/LAT_CARDIAC_STRAIN/LAT_CARDIAC_STRAIN_cate.csv,0ca7e2c8d86a6fe46b69fda33abd1d23cefaedd9930e3fc62ccd24358cb357c4,26845,,False,F-CATE-DIST-01,PENDING_HUMAN_SELECTION,PENDING_HUMAN_SELECTION,NO_NEW_SUBGROUP_EFFECTS,Patient-level CATE artifact inventoried; no new summary computed.
mimic,CausalForestDML,original,LAT_GLOBAL_SEVERITY,patient_level_cate_distribution,final-results/causal-outputs/outputs-mimic-forest/cate_estimation/LAT_GLOBAL_SEVERITY/LAT_GLOBAL_SEVERITY_cate.csv,b7867f23b057a70c9a4122b1e13de2a2cdfcfbde41da67377919bcd0d390574b,26845,,False,F-CATE-DIST-01,PENDING_HUMAN_SELECTION,PENDING_HUMAN_SELECTION,NO_NEW_SUBGROUP_EFFECTS,Patient-level CATE artifact inventoried; no new summary computed.
mimic,CausalForestDML,original,LAT_HEPATIC_COAG_DYSFUNCTION,patient_level_cate_distribution,final-results/causal-outputs/outputs-mimic-forest/cate_estimation/LAT_HEPATIC_COAG_DYSFUNCTION/LAT_HEPATIC_COAG_DYSFUNCTION_cate.csv,dadbdf2904bc3cd9f3904c9ff4693dfa6760081b8ca8d2f1b3a9a45363deefc3,26845,,False,F-CATE-DIST-01,PENDING_HUMAN_SELECTION,PENDING_HUMAN_SELECTION,NO_NEW_SUBGROUP_EFFECTS,Patient-level CATE artifact inventoried; no new summary computed.
mimic,CausalForestDML,original,LAT_INFLAMMATION_SEPSIS,patient_level_cate_distribution,final-results/causal-outputs/outputs-mimic-forest/cate_estimation/LAT_INFLAMMATION_SEPSIS/LAT_INFLAMMATION_SEPSIS_cate.csv,2d936267d0200a006539c85e3feffdebb7327dfa82f9f5c722433f019f0c7652,26845,,False,F-CATE-DIST-01,PENDING_HUMAN_SELECTION,PENDING_HUMAN_SELECTION,NO_NEW_SUBGROUP_EFFECTS,Patient-level CATE artifact inventoried; no new summary computed.
mimic,CausalForestDML,original,LAT_METABOLIC_DERANGEMENT,patient_level_cate_distribution,final-results/causal-outputs/outputs-mimic-forest/cate_estimation/LAT_METABOLIC_DERANGEMENT/LAT_METABOLIC_DERANGEMENT_cate.csv,cee40a1cdb7d10fc1fa2b550e367f3e44474f74cf82541699dd02ca4ad6fbf82,26845,,False,F-CATE-DIST-01,PENDING_HUMAN_SELECTION,PENDING_HUMAN_SELECTION,NO_NEW_SUBGROUP_EFFECTS,Patient-level CATE artifact inventoried; no new summary computed.
mimic,CausalForestDML,original,LAT_NEUROLOGIC_DYSFUNCTION,patient_level_cate_distribution,final-results/causal-outputs/outputs-mimic-forest/cate_estimation/LAT_NEUROLOGIC_DYSFUNCTION/LAT_NEUROLOGIC_DYSFUNCTION_cate.csv,37583f4eac3f0ceb034afff9257fdb6fc4820997189f67ea3696a03cf8b42853,26845,,False,F-CATE-DIST-01,PENDING_HUMAN_SELECTION,PENDING_HUMAN_SELECTION,NO_NEW_SUBGROUP_EFFECTS,Patient-level CATE artifact inventoried; no new summary computed.
mimic,CausalForestDML,original,LAT_RENAL_DYSFUNCTION,patient_level_cate_distribution,final-results/causal-outputs/outputs-mimic-forest/cate_estimation/LAT_RENAL_DYSFUNCTION/LAT_RENAL_DYSFUNCTION_cate.csv,193c325cbcce65be4f39b7b7f41aec6a1a403681629d08da605e195ef4c94016,26845,,False,F-CATE-DIST-01,PENDING_HUMAN_SELECTION,PENDING_HUMAN_SELECTION,NO_NEW_SUBGROUP_EFFECTS,Patient-level CATE artifact inventoried; no new summary computed.
mimic,CausalForestDML,original,LAT_RESPIRATORY_FAILURE,patient_level_cate_distribution,final-results/causal-outputs/outputs-mimic-forest/cate_estimation/LAT_RESPIRATORY_FAILURE/LAT_RESPIRATORY_FAILURE_cate.csv,3961aa6db4a141e228913651cf1262cbefb1cd566cd3fcab1dd30c28185b13ac,26845,,False,F-CATE-DIST-01,PENDING_HUMAN_SELECTION,PENDING_HUMAN_SELECTION,NO_NEW_SUBGROUP_EFFECTS,Patient-level CATE artifact inventoried; no new summary computed.
mimic,CausalForestDML,original,LAT_SHOCK,patient_level_cate_distribution,final-results/causal-outputs/outputs-mimic-forest/cate_estimation/LAT_SHOCK/LAT_SHOCK_cate.csv,adb97be57e51146f92314b5d0d2472f1aa2500a939813468dd2e5c7e3fa8c90b,26845,,False,F-CATE-DIST-01,PENDING_HUMAN_SELECTION,PENDING_HUMAN_SELECTION,NO_NEW_SUBGROUP_EFFECTS,Patient-level CATE artifact inventoried; no new summary computed.
mimic,CausalForestDML,original,LAT_CARDIAC_STRAIN,feature_importance_or_coefficients,final-results/causal-outputs/outputs-mimic-forest/cate_estimation/LAT_CARDIAC_STRAIN/LAT_CARDIAC_STRAIN_feature_importance.csv,668f2ef88d436afbc989726e06e80f75b1bd203bdddb5d5d4448e92a70085e69,5,5,,F-FEATURE-IMP-01,PENDING_HUMAN_SELECTION,PENDING_HUMAN_SELECTION,FEATURE_IMPORTANCE_NOT_MECHANISM,Candidate only; no mechanistic interpretation.
mimic,CausalForestDML,original,LAT_GLOBAL_SEVERITY,feature_importance_or_coefficients,final-results/causal-outputs/outputs-mimic-forest/cate_estimation/LAT_GLOBAL_SEVERITY/LAT_GLOBAL_SEVERITY_feature_importance.csv,f296bcf971257be633c5e1881be7520e025f40132c671dd73ca7078dba36a090,5,5,,F-FEATURE-IMP-01,PENDING_HUMAN_SELECTION,PENDING_HUMAN_SELECTION,FEATURE_IMPORTANCE_NOT_MECHANISM,Candidate only; no mechanistic interpretation.
mimic,CausalForestDML,original,LAT_HEPATIC_COAG_DYSFUNCTION,feature_importance_or_coefficients,final-results/causal-outputs/outputs-mimic-forest/cate_estimation/LAT_HEPATIC_COAG_DYSFUNCTION/LAT_HEPATIC_COAG_DYSFUNCTION_feature_importance.csv,7cb289ddbed72be6c1a4917fcf961fecec4dd0accdb2d79ee8b3966806feef53,5,5,,F-FEATURE-IMP-01,PENDING_HUMAN_SELECTION,PENDING_HUMAN_SELECTION,FEATURE_IMPORTANCE_NOT_MECHANISM,Candidate only; no mechanistic interpretation.
mimic,CausalForestDML,original,LAT_INFLAMMATION_SEPSIS,feature_importance_or_coefficients,final-results/causal-outputs/outputs-mimic-forest/cate_estimation/LAT_INFLAMMATION_SEPSIS/LAT_INFLAMMATION_SEPSIS_feature_importance.csv,0166ecf9f609c9fb674be764df660c531c7e5533f706c07bc1fa200768f1ecf0,4,4,,F-FEATURE-IMP-01,PENDING_HUMAN_SELECTION,PENDING_HUMAN_SELECTION,FEATURE_IMPORTANCE_NOT_MECHANISM,Candidate only; no mechanistic interpretation.
mimic,CausalForestDML,original,LAT_METABOLIC_DERANGEMENT,feature_importance_or_coefficients,final-results/causal-outputs/outputs-mimic-forest/cate_estimation/LAT_METABOLIC_DERANGEMENT/LAT_METABOLIC_DERANGEMENT_feature_importance.csv,419784a61a53f418f6383855461e13511216e2f74b164616c9ec011016be8eb1,5,5,,F-FEATURE-IMP-01,PENDING_HUMAN_SELECTION,PENDING_HUMAN_SELECTION,FEATURE_IMPORTANCE_NOT_MECHANISM,Candidate only; no mechanistic interpretation.
mimic,CausalForestDML,original,LAT_NEUROLOGIC_DYSFUNCTION,feature_importance_or_coefficients,final-results/causal-outputs/outputs-mimic-forest/cate_estimation/LAT_NEUROLOGIC_DYSFUNCTION/LAT_NEUROLOGIC_DYSFUNCTION_feature_importance.csv,846bd57058fddbe19b46a8ac75d994d437ff8859d3d9f80a4991b812382a1055,5,5,,F-FEATURE-IMP-01,PENDING_HUMAN_SELECTION,PENDING_HUMAN_SELECTION,FEATURE_IMPORTANCE_NOT_MECHANISM,Candidate only; no mechanistic interpretation.
mimic,CausalForestDML,original,LAT_RENAL_DYSFUNCTION,feature_importance_or_coefficients,final-results/causal-outputs/outputs-mimic-forest/cate_estimation/LAT_RENAL_DYSFUNCTION/LAT_RENAL_DYSFUNCTION_feature_importance.csv,7d0bc21c0df2290350d225c396cde92aa4950c1dfe26c50c066d43fc01ecb428,5,5,,F-FEATURE-IMP-01,PENDING_HUMAN_SELECTION,PENDING_HUMAN_SELECTION,FEATURE_IMPORTANCE_NOT_MECHANISM,Candidate only; no mechanistic interpretation.
mimic,CausalForestDML,original,LAT_RESPIRATORY_FAILURE,feature_importance_or_coefficients,final-results/causal-outputs/outputs-mimic-forest/cate_estimation/LAT_RESPIRATORY_FAILURE/LAT_RESPIRATORY_FAILURE_feature_importance.csv,b052fbd85b765379ca29ed1e0e7c0395f5ffd9ca54a38e4e0fe7b2109a69a47a,5,5,,F-FEATURE-IMP-01,PENDING_HUMAN_SELECTION,PENDING_HUMAN_SELECTION,FEATURE_IMPORTANCE_NOT_MECHANISM,Candidate only; no mechanistic interpretation.
mimic,CausalForestDML,original,LAT_SHOCK,feature_importance_or_coefficients,final-results/causal-outputs/outputs-mimic-forest/cate_estimation/LAT_SHOCK/LAT_SHOCK_feature_importance.csv,392d2a3bcb4386acc92d87981f920d633ac901ec910f108a8f2c62196bfcdb57,5,5,,F-FEATURE-IMP-01,PENDING_HUMAN_SELECTION,PENDING_HUMAN_SELECTION,FEATURE_IMPORTANCE_NOT_MECHANISM,Candidate only; no mechanistic interpretation.
mimic,CausalForestDML,outcome-downsampled,LAT_CARDIAC_STRAIN,patient_level_cate_distribution,final-results/causal-outputs/outputs-mimic-forest-downsample/cate_estimation/LAT_CARDIAC_STRAIN/LAT_CARDIAC_STRAIN_cate.csv,fc335f074adbff396095fd86e830195ad10ec8331e8026984cd7c599c7617416,6486,,False,F-CATE-DIST-01,PENDING_HUMAN_SELECTION,PENDING_HUMAN_SELECTION,NO_NEW_SUBGROUP_EFFECTS,Patient-level CATE artifact inventoried; no new summary computed.
mimic,CausalForestDML,outcome-downsampled,LAT_GLOBAL_SEVERITY,patient_level_cate_distribution,final-results/causal-outputs/outputs-mimic-forest-downsample/cate_estimation/LAT_GLOBAL_SEVERITY/LAT_GLOBAL_SEVERITY_cate.csv,933dd5ecfe76ae5f3dc184a7eab288c105ebd448118f83297e428d2278edc1a0,6486,,False,F-CATE-DIST-01,PENDING_HUMAN_SELECTION,PENDING_HUMAN_SELECTION,NO_NEW_SUBGROUP_EFFECTS,Patient-level CATE artifact inventoried; no new summary computed.
mimic,CausalForestDML,outcome-downsampled,LAT_HEPATIC_COAG_DYSFUNCTION,patient_level_cate_distribution,final-results/causal-outputs/outputs-mimic-forest-downsample/cate_estimation/LAT_HEPATIC_COAG_DYSFUNCTION/LAT_HEPATIC_COAG_DYSFUNCTION_cate.csv,193d770d25721fdf4982f93bec978e75dac1e38a3ef8ce6846a7b30612f9c085,6486,,False,F-CATE-DIST-01,PENDING_HUMAN_SELECTION,PENDING_HUMAN_SELECTION,NO_NEW_SUBGROUP_EFFECTS,Patient-level CATE artifact inventoried; no new summary computed.
mimic,CausalForestDML,outcome-downsampled,LAT_INFLAMMATION_SEPSIS,patient_level_cate_distribution,final-results/causal-outputs/outputs-mimic-forest-downsample/cate_estimation/LAT_INFLAMMATION_SEPSIS/LAT_INFLAMMATION_SEPSIS_cate.csv,49e3d3f21d1d45bd12fc9bb3fbf125ce630a524656f972ac2a815f37a475e188,6486,,False,F-CATE-DIST-01,PENDING_HUMAN_SELECTION,PENDING_HUMAN_SELECTION,NO_NEW_SUBGROUP_EFFECTS,Patient-level CATE artifact inventoried; no new summary computed.
mimic,CausalForestDML,outcome-downsampled,LAT_METABOLIC_DERANGEMENT,patient_level_cate_distribution,final-results/causal-outputs/outputs-mimic-forest-downsample/cate_estimation/LAT_METABOLIC_DERANGEMENT/LAT_METABOLIC_DERANGEMENT_cate.csv,303a1b31237f148bddacc2e6e270cfd9916b393583b630cdcadfd5498c41e8d3,6486,,False,F-CATE-DIST-01,PENDING_HUMAN_SELECTION,PENDING_HUMAN_SELECTION,NO_NEW_SUBGROUP_EFFECTS,Patient-level CATE artifact inventoried; no new summary computed.
mimic,CausalForestDML,outcome-downsampled,LAT_NEUROLOGIC_DYSFUNCTION,patient_level_cate_distribution,final-results/causal-outputs/outputs-mimic-forest-downsample/cate_estimation/LAT_NEUROLOGIC_DYSFUNCTION/LAT_NEUROLOGIC_DYSFUNCTION_cate.csv,23eb2475ed6b8169d56200d6815877d5634ace2819bf3400541032e677368a5b,6486,,False,F-CATE-DIST-01,PENDING_HUMAN_SELECTION,PENDING_HUMAN_SELECTION,NO_NEW_SUBGROUP_EFFECTS,Patient-level CATE artifact inventoried; no new summary computed.
mimic,CausalForestDML,outcome-downsampled,LAT_RENAL_DYSFUNCTION,patient_level_cate_distribution,final-results/causal-outputs/outputs-mimic-forest-downsample/cate_estimation/LAT_RENAL_DYSFUNCTION/LAT_RENAL_DYSFUNCTION_cate.csv,1d0782496045125f80604ce89048ce80b717701254574d223a7571e59b5233ba,6486,,False,F-CATE-DIST-01,PENDING_HUMAN_SELECTION,PENDING_HUMAN_SELECTION,NO_NEW_SUBGROUP_EFFECTS,Patient-level CATE artifact inventoried; no new summary computed.
mimic,CausalForestDML,outcome-downsampled,LAT_RESPIRATORY_FAILURE,patient_level_cate_distribution,final-results/causal-outputs/outputs-mimic-forest-downsample/cate_estimation/LAT_RESPIRATORY_FAILURE/LAT_RESPIRATORY_FAILURE_cate.csv,9394ad5a83afa38bd28f8a398ed4d8f3e9884fe7e3e980f29855d49207ed0213,6486,,False,F-CATE-DIST-01,PENDING_HUMAN_SELECTION,PENDING_HUMAN_SELECTION,NO_NEW_SUBGROUP_EFFECTS,Patient-level CATE artifact inventoried; no new summary computed.
mimic,CausalForestDML,outcome-downsampled,LAT_SHOCK,patient_level_cate_distribution,final-results/causal-outputs/outputs-mimic-forest-downsample/cate_estimation/LAT_SHOCK/LAT_SHOCK_cate.csv,9269fa36b2c45afc4a172dd75d11ffa9c95cf5a81c18ca710af818adc21ccfa9,6486,,False,F-CATE-DIST-01,PENDING_HUMAN_SELECTION,PENDING_HUMAN_SELECTION,NO_NEW_SUBGROUP_EFFECTS,Patient-level CATE artifact inventoried; no new summary computed.
mimic,CausalForestDML,outcome-downsampled,LAT_CARDIAC_STRAIN,feature_importance_or_coefficients,final-results/causal-outputs/outputs-mimic-forest-downsample/cate_estimation/LAT_CARDIAC_STRAIN/LAT_CARDIAC_STRAIN_feature_importance.csv,91cf1b46456a3a4fc16e1d7ceb4a0c516ac504223c6da924f7a9a2ccbd8e5dd1,5,5,,F-FEATURE-IMP-01,PENDING_HUMAN_SELECTION,PENDING_HUMAN_SELECTION,FEATURE_IMPORTANCE_NOT_MECHANISM,Candidate only; no mechanistic interpretation.
mimic,CausalForestDML,outcome-downsampled,LAT_GLOBAL_SEVERITY,feature_importance_or_coefficients,final-results/causal-outputs/outputs-mimic-forest-downsample/cate_estimation/LAT_GLOBAL_SEVERITY/LAT_GLOBAL_SEVERITY_feature_importance.csv,8dd8df1a6d8409cf65b72c364100c068d4c4536875b6a3f2ca28c82527a1d267,5,5,,F-FEATURE-IMP-01,PENDING_HUMAN_SELECTION,PENDING_HUMAN_SELECTION,FEATURE_IMPORTANCE_NOT_MECHANISM,Candidate only; no mechanistic interpretation.
mimic,CausalForestDML,outcome-downsampled,LAT_HEPATIC_COAG_DYSFUNCTION,feature_importance_or_coefficients,final-results/causal-outputs/outputs-mimic-forest-downsample/cate_estimation/LAT_HEPATIC_COAG_DYSFUNCTION/LAT_HEPATIC_COAG_DYSFUNCTION_feature_importance.csv,50bba8e884a0a7d2ad3fef0913c6c836546a1f12370633632262a03ba45b129a,5,5,,F-FEATURE-IMP-01,PENDING_HUMAN_SELECTION,PENDING_HUMAN_SELECTION,FEATURE_IMPORTANCE_NOT_MECHANISM,Candidate only; no mechanistic interpretation.
mimic,CausalForestDML,outcome-downsampled,LAT_INFLAMMATION_SEPSIS,feature_importance_or_coefficients,final-results/causal-outputs/outputs-mimic-forest-downsample/cate_estimation/LAT_INFLAMMATION_SEPSIS/LAT_INFLAMMATION_SEPSIS_feature_importance.csv,7b7bf653756aaafdce246d4f2d8b87f5069ce6e77f19a4e6ec56428abd6356c4,4,4,,F-FEATURE-IMP-01,PENDING_HUMAN_SELECTION,PENDING_HUMAN_SELECTION,FEATURE_IMPORTANCE_NOT_MECHANISM,Candidate only; no mechanistic interpretation.
mimic,CausalForestDML,outcome-downsampled,LAT_METABOLIC_DERANGEMENT,feature_importance_or_coefficients,final-results/causal-outputs/outputs-mimic-forest-downsample/cate_estimation/LAT_METABOLIC_DERANGEMENT/LAT_METABOLIC_DERANGEMENT_feature_importance.csv,ec6c1ecf807c50f886508ea070a3512ebc15e7f1483c47c5f5513df20b6c7eb9,5,5,,F-FEATURE-IMP-01,PENDING_HUMAN_SELECTION,PENDING_HUMAN_SELECTION,FEATURE_IMPORTANCE_NOT_MECHANISM,Candidate only; no mechanistic interpretation.
mimic,CausalForestDML,outcome-downsampled,LAT_NEUROLOGIC_DYSFUNCTION,feature_importance_or_coefficients,final-results/causal-outputs/outputs-mimic-forest-downsample/cate_estimation/LAT_NEUROLOGIC_DYSFUNCTION/LAT_NEUROLOGIC_DYSFUNCTION_feature_importance.csv,d3d6b81ee6a52d4af7fb9d2d08510f99eb6c1d8ecf7656fab6dd2b923f40be6d,5,5,,F-FEATURE-IMP-01,PENDING_HUMAN_SELECTION,PENDING_HUMAN_SELECTION,FEATURE_IMPORTANCE_NOT_MECHANISM,Candidate only; no mechanistic interpretation.
mimic,CausalForestDML,outcome-downsampled,LAT_RENAL_DYSFUNCTION,feature_importance_or_coefficients,final-results/causal-outputs/outputs-mimic-forest-downsample/cate_estimation/LAT_RENAL_DYSFUNCTION/LAT_RENAL_DYSFUNCTION_feature_importance.csv,0322b2028d8b292b93c36e66502353c17c6c7792bc8535fa8fbdc30b4e9a1d50,5,5,,F-FEATURE-IMP-01,PENDING_HUMAN_SELECTION,PENDING_HUMAN_SELECTION,FEATURE_IMPORTANCE_NOT_MECHANISM,Candidate only; no mechanistic interpretation.
mimic,CausalForestDML,outcome-downsampled,LAT_RESPIRATORY_FAILURE,feature_importance_or_coefficients,final-results/causal-outputs/outputs-mimic-forest-downsample/cate_estimation/LAT_RESPIRATORY_FAILURE/LAT_RESPIRATORY_FAILURE_feature_importance.csv,e474410d42b980e3cac6a7466740f3584310e4e9ee2a4888d1352c0e9b68cf16,5,5,,F-FEATURE-IMP-01,PENDING_HUMAN_SELECTION,PENDING_HUMAN_SELECTION,FEATURE_IMPORTANCE_NOT_MECHANISM,Candidate only; no mechanistic interpretation.
mimic,CausalForestDML,outcome-downsampled,LAT_SHOCK,feature_importance_or_coefficients,final-results/causal-outputs/outputs-mimic-forest-downsample/cate_estimation/LAT_SHOCK/LAT_SHOCK_feature_importance.csv,d934039fee33a440a8061fd33c373c1f0fd0e456cf73259a08fda239734d6236,5,5,,F-FEATURE-IMP-01,PENDING_HUMAN_SELECTION,PENDING_HUMAN_SELECTION,FEATURE_IMPORTANCE_NOT_MECHANISM,Candidate only; no mechanistic interpretation.
mimic,LinearDML,original,LAT_CARDIAC_STRAIN,patient_level_cate_distribution,final-results/causal-outputs/outputs-mimic-linear/cate_estimation/LAT_CARDIAC_STRAIN/LAT_CARDIAC_STRAIN_cate.csv,343ad76419fdc77dc95b7f0dfd4e0d3c82b432acd7c3a3c0bda2c0f8008dc477,26845,,False,F-CATE-DIST-01,PENDING_HUMAN_SELECTION,PENDING_HUMAN_SELECTION,NO_NEW_SUBGROUP_EFFECTS,Patient-level CATE artifact inventoried; no new summary computed.
mimic,LinearDML,original,LAT_GLOBAL_SEVERITY,patient_level_cate_distribution,final-results/causal-outputs/outputs-mimic-linear/cate_estimation/LAT_GLOBAL_SEVERITY/LAT_GLOBAL_SEVERITY_cate.csv,7b2d3592deeaa656d8018582b81e61a928641f0d457c49e195cef04c3b758159,26845,,False,F-CATE-DIST-01,PENDING_HUMAN_SELECTION,PENDING_HUMAN_SELECTION,NO_NEW_SUBGROUP_EFFECTS,Patient-level CATE artifact inventoried; no new summary computed.
mimic,LinearDML,original,LAT_HEPATIC_COAG_DYSFUNCTION,patient_level_cate_distribution,final-results/causal-outputs/outputs-mimic-linear/cate_estimation/LAT_HEPATIC_COAG_DYSFUNCTION/LAT_HEPATIC_COAG_DYSFUNCTION_cate.csv,9a3fb211ac0ec7fcabdb50e733e6855ea8c99e1c44ae28a43f3f92b84dc2f2a8,26845,,False,F-CATE-DIST-01,PENDING_HUMAN_SELECTION,PENDING_HUMAN_SELECTION,NO_NEW_SUBGROUP_EFFECTS,Patient-level CATE artifact inventoried; no new summary computed.
mimic,LinearDML,original,LAT_INFLAMMATION_SEPSIS,patient_level_cate_distribution,final-results/causal-outputs/outputs-mimic-linear/cate_estimation/LAT_INFLAMMATION_SEPSIS/LAT_INFLAMMATION_SEPSIS_cate.csv,1e23f0af20f19a675794e830f4fbdafc09f4a22ba1191aa233d52928fbd6f104,26845,,False,F-CATE-DIST-01,PENDING_HUMAN_SELECTION,PENDING_HUMAN_SELECTION,NO_NEW_SUBGROUP_EFFECTS,Patient-level CATE artifact inventoried; no new summary computed.
mimic,LinearDML,original,LAT_METABOLIC_DERANGEMENT,patient_level_cate_distribution,final-results/causal-outputs/outputs-mimic-linear/cate_estimation/LAT_METABOLIC_DERANGEMENT/LAT_METABOLIC_DERANGEMENT_cate.csv,3aeeda744aceec207b27ce0b14b57231fe0037c5cc359d0c682ddfe972fc489b,26845,,False,F-CATE-DIST-01,PENDING_HUMAN_SELECTION,PENDING_HUMAN_SELECTION,NO_NEW_SUBGROUP_EFFECTS,Patient-level CATE artifact inventoried; no new summary computed.
mimic,LinearDML,original,LAT_NEUROLOGIC_DYSFUNCTION,patient_level_cate_distribution,final-results/causal-outputs/outputs-mimic-linear/cate_estimation/LAT_NEUROLOGIC_DYSFUNCTION/LAT_NEUROLOGIC_DYSFUNCTION_cate.csv,42600373e7b85939a19f318d35e8ddecaed3217bf5f0fc908f829946aa6247ad,26845,,False,F-CATE-DIST-01,PENDING_HUMAN_SELECTION,PENDING_HUMAN_SELECTION,NO_NEW_SUBGROUP_EFFECTS,Patient-level CATE artifact inventoried; no new summary computed.
mimic,LinearDML,original,LAT_RENAL_DYSFUNCTION,patient_level_cate_distribution,final-results/causal-outputs/outputs-mimic-linear/cate_estimation/LAT_RENAL_DYSFUNCTION/LAT_RENAL_DYSFUNCTION_cate.csv,229d25ea8c344bc247fa47ea091a00d1de7dc84ceb8571b070bac9975a6bd591,26845,,False,F-CATE-DIST-01,PENDING_HUMAN_SELECTION,PENDING_HUMAN_SELECTION,NO_NEW_SUBGROUP_EFFECTS,Patient-level CATE artifact inventoried; no new summary computed.
mimic,LinearDML,original,LAT_RESPIRATORY_FAILURE,patient_level_cate_distribution,final-results/causal-outputs/outputs-mimic-linear/cate_estimation/LAT_RESPIRATORY_FAILURE/LAT_RESPIRATORY_FAILURE_cate.csv,b3e3497e756084d1991f31abf0c59e14a0589f14ff3d6774806a24aeeb6192e9,26845,,False,F-CATE-DIST-01,PENDING_HUMAN_SELECTION,PENDING_HUMAN_SELECTION,NO_NEW_SUBGROUP_EFFECTS,Patient-level CATE artifact inventoried; no new summary computed.
mimic,LinearDML,original,LAT_SHOCK,patient_level_cate_distribution,final-results/causal-outputs/outputs-mimic-linear/cate_estimation/LAT_SHOCK/LAT_SHOCK_cate.csv,9882f67dc1b3a75f7a43d3e11a84b87f289e309ca27aa4bf545430758b2f26e0,26845,,False,F-CATE-DIST-01,PENDING_HUMAN_SELECTION,PENDING_HUMAN_SELECTION,NO_NEW_SUBGROUP_EFFECTS,Patient-level CATE artifact inventoried; no new summary computed.
mimic,LinearDML,original,LAT_CARDIAC_STRAIN,feature_importance_or_coefficients,final-results/causal-outputs/outputs-mimic-linear/cate_estimation/LAT_CARDIAC_STRAIN/LAT_CARDIAC_STRAIN_feature_importance.csv,46cb1faf07971b1619f5fb2cbd1d14c8fc0a06193f18be3821560c0dec970a11,5,5,,F-FEATURE-IMP-01,PENDING_HUMAN_SELECTION,PENDING_HUMAN_SELECTION,FEATURE_IMPORTANCE_NOT_MECHANISM,Candidate only; no mechanistic interpretation.
mimic,LinearDML,original,LAT_GLOBAL_SEVERITY,feature_importance_or_coefficients,final-results/causal-outputs/outputs-mimic-linear/cate_estimation/LAT_GLOBAL_SEVERITY/LAT_GLOBAL_SEVERITY_feature_importance.csv,a21f5745515314ce3daa9cf47c7e979b659456f91b644a563bae06ef5e460b58,5,5,,F-FEATURE-IMP-01,PENDING_HUMAN_SELECTION,PENDING_HUMAN_SELECTION,FEATURE_IMPORTANCE_NOT_MECHANISM,Candidate only; no mechanistic interpretation.
mimic,LinearDML,original,LAT_HEPATIC_COAG_DYSFUNCTION,feature_importance_or_coefficients,final-results/causal-outputs/outputs-mimic-linear/cate_estimation/LAT_HEPATIC_COAG_DYSFUNCTION/LAT_HEPATIC_COAG_DYSFUNCTION_feature_importance.csv,3a4ebcbc2abe1819784c27b3b5fc7f57c8da66a86afc9e91293a6504c18a3b79,5,5,,F-FEATURE-IMP-01,PENDING_HUMAN_SELECTION,PENDING_HUMAN_SELECTION,FEATURE_IMPORTANCE_NOT_MECHANISM,Candidate only; no mechanistic interpretation.
mimic,LinearDML,original,LAT_INFLAMMATION_SEPSIS,feature_importance_or_coefficients,final-results/causal-outputs/outputs-mimic-linear/cate_estimation/LAT_INFLAMMATION_SEPSIS/LAT_INFLAMMATION_SEPSIS_feature_importance.csv,4f3d536e9756adf1cc77c568d08de1b023ac6a46f1ffa4b16b819971b179dda2,4,4,,F-FEATURE-IMP-01,PENDING_HUMAN_SELECTION,PENDING_HUMAN_SELECTION,FEATURE_IMPORTANCE_NOT_MECHANISM,Candidate only; no mechanistic interpretation.
mimic,LinearDML,original,LAT_METABOLIC_DERANGEMENT,feature_importance_or_coefficients,final-results/causal-outputs/outputs-mimic-linear/cate_estimation/LAT_METABOLIC_DERANGEMENT/LAT_METABOLIC_DERANGEMENT_feature_importance.csv,d32f086840c4c6ea63ca4b049d9b8b40fbcf9238c66056e2b87863016441ec91,5,5,,F-FEATURE-IMP-01,PENDING_HUMAN_SELECTION,PENDING_HUMAN_SELECTION,FEATURE_IMPORTANCE_NOT_MECHANISM,Candidate only; no mechanistic interpretation.
mimic,LinearDML,original,LAT_NEUROLOGIC_DYSFUNCTION,feature_importance_or_coefficients,final-results/causal-outputs/outputs-mimic-linear/cate_estimation/LAT_NEUROLOGIC_DYSFUNCTION/LAT_NEUROLOGIC_DYSFUNCTION_feature_importance.csv,0aec6bf8c583b9b622058ccaf521d502ab5759970246294f5ae1a5932dd4c1e2,5,5,,F-FEATURE-IMP-01,PENDING_HUMAN_SELECTION,PENDING_HUMAN_SELECTION,FEATURE_IMPORTANCE_NOT_MECHANISM,Candidate only; no mechanistic interpretation.
mimic,LinearDML,original,LAT_RENAL_DYSFUNCTION,feature_importance_or_coefficients,final-results/causal-outputs/outputs-mimic-linear/cate_estimation/LAT_RENAL_DYSFUNCTION/LAT_RENAL_DYSFUNCTION_feature_importance.csv,01f9c1af1a09aa6809251430af4f52f7bfac810eaf775ad497a58af62fcc7bf7,5,5,,F-FEATURE-IMP-01,PENDING_HUMAN_SELECTION,PENDING_HUMAN_SELECTION,FEATURE_IMPORTANCE_NOT_MECHANISM,Candidate only; no mechanistic interpretation.
mimic,LinearDML,original,LAT_RESPIRATORY_FAILURE,feature_importance_or_coefficients,final-results/causal-outputs/outputs-mimic-linear/cate_estimation/LAT_RESPIRATORY_FAILURE/LAT_RESPIRATORY_FAILURE_feature_importance.csv,d701a1f93a8ed5b5932a7748648e1faf8f12d45730b4f063b855d98d5b08d8ff,5,5,,F-FEATURE-IMP-01,PENDING_HUMAN_SELECTION,PENDING_HUMAN_SELECTION,FEATURE_IMPORTANCE_NOT_MECHANISM,Candidate only; no mechanistic interpretation.
mimic,LinearDML,original,LAT_SHOCK,feature_importance_or_coefficients,final-results/causal-outputs/outputs-mimic-linear/cate_estimation/LAT_SHOCK/LAT_SHOCK_feature_importance.csv,b5df1ce5fa0804402f6106151843b6a5a4fffec877e6e7a031ac9521b4ec3031,5,5,,F-FEATURE-IMP-01,PENDING_HUMAN_SELECTION,PENDING_HUMAN_SELECTION,FEATURE_IMPORTANCE_NOT_MECHANISM,Candidate only; no mechanistic interpretation.
mimic,LinearDML,outcome-downsampled,LAT_CARDIAC_STRAIN,patient_level_cate_distribution,final-results/causal-outputs/outputs-mimic-linear-downsample/cate_estimation/LAT_CARDIAC_STRAIN/LAT_CARDIAC_STRAIN_cate.csv,2e0c4a8f6876b98516d8bbdbff3f7761c13924ba895bd428f6a21a40632c5624,6486,,False,F-CATE-DIST-01,PENDING_HUMAN_SELECTION,PENDING_HUMAN_SELECTION,NO_NEW_SUBGROUP_EFFECTS,Patient-level CATE artifact inventoried; no new summary computed.
mimic,LinearDML,outcome-downsampled,LAT_GLOBAL_SEVERITY,patient_level_cate_distribution,final-results/causal-outputs/outputs-mimic-linear-downsample/cate_estimation/LAT_GLOBAL_SEVERITY/LAT_GLOBAL_SEVERITY_cate.csv,252426b957f9c84d6e29f7ca3905f79f09822e9a74425af8c7d06b053f6a91de,6486,,False,F-CATE-DIST-01,PENDING_HUMAN_SELECTION,PENDING_HUMAN_SELECTION,NO_NEW_SUBGROUP_EFFECTS,Patient-level CATE artifact inventoried; no new summary computed.
mimic,LinearDML,outcome-downsampled,LAT_HEPATIC_COAG_DYSFUNCTION,patient_level_cate_distribution,final-results/causal-outputs/outputs-mimic-linear-downsample/cate_estimation/LAT_HEPATIC_COAG_DYSFUNCTION/LAT_HEPATIC_COAG_DYSFUNCTION_cate.csv,c66f7a26d765bcd9c39c8c49bd2f9923f608667b801dc9321a1d3838ef6caeef,6486,,False,F-CATE-DIST-01,PENDING_HUMAN_SELECTION,PENDING_HUMAN_SELECTION,NO_NEW_SUBGROUP_EFFECTS,Patient-level CATE artifact inventoried; no new summary computed.
mimic,LinearDML,outcome-downsampled,LAT_INFLAMMATION_SEPSIS,patient_level_cate_distribution,final-results/causal-outputs/outputs-mimic-linear-downsample/cate_estimation/LAT_INFLAMMATION_SEPSIS/LAT_INFLAMMATION_SEPSIS_cate.csv,893d8f9cc5f6dd0bc90f2c9c7d625b5aa3bcd9575ff286f2622ece07756ebeec,6486,,False,F-CATE-DIST-01,PENDING_HUMAN_SELECTION,PENDING_HUMAN_SELECTION,NO_NEW_SUBGROUP_EFFECTS,Patient-level CATE artifact inventoried; no new summary computed.
mimic,LinearDML,outcome-downsampled,LAT_METABOLIC_DERANGEMENT,patient_level_cate_distribution,final-results/causal-outputs/outputs-mimic-linear-downsample/cate_estimation/LAT_METABOLIC_DERANGEMENT/LAT_METABOLIC_DERANGEMENT_cate.csv,86acbf7850f0cca7558520ff09a1565546702e7331768c9dd14734bc7ee41022,6486,,False,F-CATE-DIST-01,PENDING_HUMAN_SELECTION,PENDING_HUMAN_SELECTION,NO_NEW_SUBGROUP_EFFECTS,Patient-level CATE artifact inventoried; no new summary computed.
mimic,LinearDML,outcome-downsampled,LAT_NEUROLOGIC_DYSFUNCTION,patient_level_cate_distribution,final-results/causal-outputs/outputs-mimic-linear-downsample/cate_estimation/LAT_NEUROLOGIC_DYSFUNCTION/LAT_NEUROLOGIC_DYSFUNCTION_cate.csv,b694f368e94cf1234419c2784a3512b32ddfdefb4ce23e977f6a89be9a9780b5,6486,,False,F-CATE-DIST-01,PENDING_HUMAN_SELECTION,PENDING_HUMAN_SELECTION,NO_NEW_SUBGROUP_EFFECTS,Patient-level CATE artifact inventoried; no new summary computed.
mimic,LinearDML,outcome-downsampled,LAT_RENAL_DYSFUNCTION,patient_level_cate_distribution,final-results/causal-outputs/outputs-mimic-linear-downsample/cate_estimation/LAT_RENAL_DYSFUNCTION/LAT_RENAL_DYSFUNCTION_cate.csv,1dd4df540b84ad85f58659c7996ef208828929c186201d5d8549916589759c90,6486,,False,F-CATE-DIST-01,PENDING_HUMAN_SELECTION,PENDING_HUMAN_SELECTION,NO_NEW_SUBGROUP_EFFECTS,Patient-level CATE artifact inventoried; no new summary computed.
mimic,LinearDML,outcome-downsampled,LAT_RESPIRATORY_FAILURE,patient_level_cate_distribution,final-results/causal-outputs/outputs-mimic-linear-downsample/cate_estimation/LAT_RESPIRATORY_FAILURE/LAT_RESPIRATORY_FAILURE_cate.csv,cd9b6c61cd87c90c6f0046fa1844d81f1c484d2e5b49f3a371e07897d610e4ad,6486,,False,F-CATE-DIST-01,PENDING_HUMAN_SELECTION,PENDING_HUMAN_SELECTION,NO_NEW_SUBGROUP_EFFECTS,Patient-level CATE artifact inventoried; no new summary computed.
mimic,LinearDML,outcome-downsampled,LAT_SHOCK,patient_level_cate_distribution,final-results/causal-outputs/outputs-mimic-linear-downsample/cate_estimation/LAT_SHOCK/LAT_SHOCK_cate.csv,b193a5c193c7cd9231fe12dc62c1e84b5fbe14395d84e425e5aadb8032e28db6,6486,,False,F-CATE-DIST-01,PENDING_HUMAN_SELECTION,PENDING_HUMAN_SELECTION,NO_NEW_SUBGROUP_EFFECTS,Patient-level CATE artifact inventoried; no new summary computed.
mimic,LinearDML,outcome-downsampled,LAT_CARDIAC_STRAIN,feature_importance_or_coefficients,final-results/causal-outputs/outputs-mimic-linear-downsample/cate_estimation/LAT_CARDIAC_STRAIN/LAT_CARDIAC_STRAIN_feature_importance.csv,576033d46f81faa6158d9432a6d1f988c66fe85ceb2853ceb0c01a552414f6c7,5,5,,F-FEATURE-IMP-01,PENDING_HUMAN_SELECTION,PENDING_HUMAN_SELECTION,FEATURE_IMPORTANCE_NOT_MECHANISM,Candidate only; no mechanistic interpretation.
mimic,LinearDML,outcome-downsampled,LAT_GLOBAL_SEVERITY,feature_importance_or_coefficients,final-results/causal-outputs/outputs-mimic-linear-downsample/cate_estimation/LAT_GLOBAL_SEVERITY/LAT_GLOBAL_SEVERITY_feature_importance.csv,d3cfd9e00563dcedc4bd13512598027822ac4a8f9e4d5596c5f48e0f2b03989f,5,5,,F-FEATURE-IMP-01,PENDING_HUMAN_SELECTION,PENDING_HUMAN_SELECTION,FEATURE_IMPORTANCE_NOT_MECHANISM,Candidate only; no mechanistic interpretation.
mimic,LinearDML,outcome-downsampled,LAT_HEPATIC_COAG_DYSFUNCTION,feature_importance_or_coefficients,final-results/causal-outputs/outputs-mimic-linear-downsample/cate_estimation/LAT_HEPATIC_COAG_DYSFUNCTION/LAT_HEPATIC_COAG_DYSFUNCTION_feature_importance.csv,00a6921b12dc4ceac0bae6371ede006e992556c183b9316ec250d4d2162f7fda,5,5,,F-FEATURE-IMP-01,PENDING_HUMAN_SELECTION,PENDING_HUMAN_SELECTION,FEATURE_IMPORTANCE_NOT_MECHANISM,Candidate only; no mechanistic interpretation.
mimic,LinearDML,outcome-downsampled,LAT_INFLAMMATION_SEPSIS,feature_importance_or_coefficients,final-results/causal-outputs/outputs-mimic-linear-downsample/cate_estimation/LAT_INFLAMMATION_SEPSIS/LAT_INFLAMMATION_SEPSIS_feature_importance.csv,e6eaccb90a3dc7932289d47a1dc3ddd6f8bcb3f794791db6b09371bc02f5b60f,4,4,,F-FEATURE-IMP-01,PENDING_HUMAN_SELECTION,PENDING_HUMAN_SELECTION,FEATURE_IMPORTANCE_NOT_MECHANISM,Candidate only; no mechanistic interpretation.
mimic,LinearDML,outcome-downsampled,LAT_METABOLIC_DERANGEMENT,feature_importance_or_coefficients,final-results/causal-outputs/outputs-mimic-linear-downsample/cate_estimation/LAT_METABOLIC_DERANGEMENT/LAT_METABOLIC_DERANGEMENT_feature_importance.csv,24fd8f807e16bdce1bad6a923df192263ced0c1b9868cdb899befd8aabb4306a,5,5,,F-FEATURE-IMP-01,PENDING_HUMAN_SELECTION,PENDING_HUMAN_SELECTION,FEATURE_IMPORTANCE_NOT_MECHANISM,Candidate only; no mechanistic interpretation.
mimic,LinearDML,outcome-downsampled,LAT_NEUROLOGIC_DYSFUNCTION,feature_importance_or_coefficients,final-results/causal-outputs/outputs-mimic-linear-downsample/cate_estimation/LAT_NEUROLOGIC_DYSFUNCTION/LAT_NEUROLOGIC_DYSFUNCTION_feature_importance.csv,8924eefba39a9fd04916e20993c658defb04d477dc71cc27f249ffa7b3671688,5,5,,F-FEATURE-IMP-01,PENDING_HUMAN_SELECTION,PENDING_HUMAN_SELECTION,FEATURE_IMPORTANCE_NOT_MECHANISM,Candidate only; no mechanistic interpretation.
mimic,LinearDML,outcome-downsampled,LAT_RENAL_DYSFUNCTION,feature_importance_or_coefficients,final-results/causal-outputs/outputs-mimic-linear-downsample/cate_estimation/LAT_RENAL_DYSFUNCTION/LAT_RENAL_DYSFUNCTION_feature_importance.csv,7b820439764dbdee0777813416bd211a1a20fe91d6599cab9bc7266054480b54,5,5,,F-FEATURE-IMP-01,PENDING_HUMAN_SELECTION,PENDING_HUMAN_SELECTION,FEATURE_IMPORTANCE_NOT_MECHANISM,Candidate only; no mechanistic interpretation.
mimic,LinearDML,outcome-downsampled,LAT_RESPIRATORY_FAILURE,feature_importance_or_coefficients,final-results/causal-outputs/outputs-mimic-linear-downsample/cate_estimation/LAT_RESPIRATORY_FAILURE/LAT_RESPIRATORY_FAILURE_feature_importance.csv,005fe2b0711a9c4e6b6a6d3a1aeb957876677216daac5dd5253b997e369d891f,5,5,,F-FEATURE-IMP-01,PENDING_HUMAN_SELECTION,PENDING_HUMAN_SELECTION,FEATURE_IMPORTANCE_NOT_MECHANISM,Candidate only; no mechanistic interpretation.
mimic,LinearDML,outcome-downsampled,LAT_SHOCK,feature_importance_or_coefficients,final-results/causal-outputs/outputs-mimic-linear-downsample/cate_estimation/LAT_SHOCK/LAT_SHOCK_feature_importance.csv,d595a8ad9ae0de23083e7272849c9deeed41f1b8eb08d12ed846bab49f17d561,5,5,,F-FEATURE-IMP-01,PENDING_HUMAN_SELECTION,PENDING_HUMAN_SELECTION,FEATURE_IMPORTANCE_NOT_MECHANISM,Candidate only; no mechanistic interpretation.
mimic,CausalPFN,original,LAT_CARDIAC_STRAIN,patient_level_cate_distribution,final-results/causal-outputs/outputs-mimic-pfn/cate_estimation/LAT_CARDIAC_STRAIN/LAT_CARDIAC_STRAIN_cate.csv,f5cf8e5c3e20b504aad1e6decbab5f5940ba7346e873ab99a322b0ee552f3468,26845,,False,F-CATE-DIST-01,PENDING_HUMAN_SELECTION,PENDING_HUMAN_SELECTION,NO_NEW_SUBGROUP_EFFECTS,Patient-level CATE artifact inventoried; no new summary computed.
mimic,CausalPFN,original,LAT_GLOBAL_SEVERITY,patient_level_cate_distribution,final-results/causal-outputs/outputs-mimic-pfn/cate_estimation/LAT_GLOBAL_SEVERITY/LAT_GLOBAL_SEVERITY_cate.csv,5e084fb1e8bdac4e14f91a749379413ff51663c47b49327dfbcdcbd889ee9b3d,26845,,False,F-CATE-DIST-01,PENDING_HUMAN_SELECTION,PENDING_HUMAN_SELECTION,NO_NEW_SUBGROUP_EFFECTS,Patient-level CATE artifact inventoried; no new summary computed.
mimic,CausalPFN,original,LAT_HEPATIC_COAG_DYSFUNCTION,patient_level_cate_distribution,final-results/causal-outputs/outputs-mimic-pfn/cate_estimation/LAT_HEPATIC_COAG_DYSFUNCTION/LAT_HEPATIC_COAG_DYSFUNCTION_cate.csv,10ca67cfb0f770617e22f6005a2ed2230d40697b42c3688828ca482e2da2025b,26845,,False,F-CATE-DIST-01,PENDING_HUMAN_SELECTION,PENDING_HUMAN_SELECTION,NO_NEW_SUBGROUP_EFFECTS,Patient-level CATE artifact inventoried; no new summary computed.
mimic,CausalPFN,original,LAT_INFLAMMATION_SEPSIS,patient_level_cate_distribution,final-results/causal-outputs/outputs-mimic-pfn/cate_estimation/LAT_INFLAMMATION_SEPSIS/LAT_INFLAMMATION_SEPSIS_cate.csv,675ecda9bbad0462d649d70264d5006984b0e497ef766766b9045ce827cf969d,26845,,False,F-CATE-DIST-01,PENDING_HUMAN_SELECTION,PENDING_HUMAN_SELECTION,NO_NEW_SUBGROUP_EFFECTS,Patient-level CATE artifact inventoried; no new summary computed.
mimic,CausalPFN,original,LAT_METABOLIC_DERANGEMENT,patient_level_cate_distribution,final-results/causal-outputs/outputs-mimic-pfn/cate_estimation/LAT_METABOLIC_DERANGEMENT/LAT_METABOLIC_DERANGEMENT_cate.csv,f89d10c529b4fe2caa9f36963b2c6cbc511062df81e82decea43476dc8f85e86,26845,,False,F-CATE-DIST-01,PENDING_HUMAN_SELECTION,PENDING_HUMAN_SELECTION,NO_NEW_SUBGROUP_EFFECTS,Patient-level CATE artifact inventoried; no new summary computed.
mimic,CausalPFN,original,LAT_NEUROLOGIC_DYSFUNCTION,patient_level_cate_distribution,final-results/causal-outputs/outputs-mimic-pfn/cate_estimation/LAT_NEUROLOGIC_DYSFUNCTION/LAT_NEUROLOGIC_DYSFUNCTION_cate.csv,edf59ffa01588feca6fe57166944f6c52209d92f14f6ca15bcb15eb0e2d2bbcf,26845,,False,F-CATE-DIST-01,PENDING_HUMAN_SELECTION,PENDING_HUMAN_SELECTION,NO_NEW_SUBGROUP_EFFECTS,Patient-level CATE artifact inventoried; no new summary computed.
mimic,CausalPFN,original,LAT_RENAL_DYSFUNCTION,patient_level_cate_distribution,final-results/causal-outputs/outputs-mimic-pfn/cate_estimation/LAT_RENAL_DYSFUNCTION/LAT_RENAL_DYSFUNCTION_cate.csv,5d7d6b90cb6fd6ce4eef5170596226e53257745b273b9e42e45faa0b136a3130,26845,,False,F-CATE-DIST-01,PENDING_HUMAN_SELECTION,PENDING_HUMAN_SELECTION,NO_NEW_SUBGROUP_EFFECTS,Patient-level CATE artifact inventoried; no new summary computed.
mimic,CausalPFN,original,LAT_RESPIRATORY_FAILURE,patient_level_cate_distribution,final-results/causal-outputs/outputs-mimic-pfn/cate_estimation/LAT_RESPIRATORY_FAILURE/LAT_RESPIRATORY_FAILURE_cate.csv,2a67bf3c51760126049b4241a8aa52ff604ea64efc1eace20689d4d96b2648f1,26845,,False,F-CATE-DIST-01,PENDING_HUMAN_SELECTION,PENDING_HUMAN_SELECTION,NO_NEW_SUBGROUP_EFFECTS,Patient-level CATE artifact inventoried; no new summary computed.
mimic,CausalPFN,original,LAT_SHOCK,patient_level_cate_distribution,final-results/causal-outputs/outputs-mimic-pfn/cate_estimation/LAT_SHOCK/LAT_SHOCK_cate.csv,3508a3edfa5c52c86b009945cc4adab027eed483b0df38d7be132df8cc248010,26845,,False,F-CATE-DIST-01,PENDING_HUMAN_SELECTION,PENDING_HUMAN_SELECTION,NO_NEW_SUBGROUP_EFFECTS,Patient-level CATE artifact inventoried; no new summary computed.
mimic,CausalPFN,outcome-downsampled,LAT_CARDIAC_STRAIN,patient_level_cate_distribution,final-results/causal-outputs/outputs-mimic-pfn-downsample/cate_estimation/LAT_CARDIAC_STRAIN/LAT_CARDIAC_STRAIN_cate.csv,61bf66aca62b470196e294b1909a2ecf614180a6e11eefa53c1dc081efae4a19,6486,,False,F-CATE-DIST-01,PENDING_HUMAN_SELECTION,PENDING_HUMAN_SELECTION,NO_NEW_SUBGROUP_EFFECTS,Patient-level CATE artifact inventoried; no new summary computed.
mimic,CausalPFN,outcome-downsampled,LAT_GLOBAL_SEVERITY,patient_level_cate_distribution,final-results/causal-outputs/outputs-mimic-pfn-downsample/cate_estimation/LAT_GLOBAL_SEVERITY/LAT_GLOBAL_SEVERITY_cate.csv,5873739de929dfc1790412bc3fc6e09fea084d4a81aff009f1ed685f6229f5b7,6486,,False,F-CATE-DIST-01,PENDING_HUMAN_SELECTION,PENDING_HUMAN_SELECTION,NO_NEW_SUBGROUP_EFFECTS,Patient-level CATE artifact inventoried; no new summary computed.
mimic,CausalPFN,outcome-downsampled,LAT_HEPATIC_COAG_DYSFUNCTION,patient_level_cate_distribution,final-results/causal-outputs/outputs-mimic-pfn-downsample/cate_estimation/LAT_HEPATIC_COAG_DYSFUNCTION/LAT_HEPATIC_COAG_DYSFUNCTION_cate.csv,4230f83b8f882d45ee7bc2599ce60b80e29a0fb1b34a2bb722ee8480baf967f1,6486,,False,F-CATE-DIST-01,PENDING_HUMAN_SELECTION,PENDING_HUMAN_SELECTION,NO_NEW_SUBGROUP_EFFECTS,Patient-level CATE artifact inventoried; no new summary computed.
mimic,CausalPFN,outcome-downsampled,LAT_INFLAMMATION_SEPSIS,patient_level_cate_distribution,final-results/causal-outputs/outputs-mimic-pfn-downsample/cate_estimation/LAT_INFLAMMATION_SEPSIS/LAT_INFLAMMATION_SEPSIS_cate.csv,37418ceac0ed306adad926940e36525d4beb937a9465332e3798b9eeee2b13b7,6486,,False,F-CATE-DIST-01,PENDING_HUMAN_SELECTION,PENDING_HUMAN_SELECTION,NO_NEW_SUBGROUP_EFFECTS,Patient-level CATE artifact inventoried; no new summary computed.
mimic,CausalPFN,outcome-downsampled,LAT_METABOLIC_DERANGEMENT,patient_level_cate_distribution,final-results/causal-outputs/outputs-mimic-pfn-downsample/cate_estimation/LAT_METABOLIC_DERANGEMENT/LAT_METABOLIC_DERANGEMENT_cate.csv,ac065fdf3e723941cfba869ecff3006df0a7aab97ca714da61f57564432581ca,6486,,False,F-CATE-DIST-01,PENDING_HUMAN_SELECTION,PENDING_HUMAN_SELECTION,NO_NEW_SUBGROUP_EFFECTS,Patient-level CATE artifact inventoried; no new summary computed.
mimic,CausalPFN,outcome-downsampled,LAT_NEUROLOGIC_DYSFUNCTION,patient_level_cate_distribution,final-results/causal-outputs/outputs-mimic-pfn-downsample/cate_estimation/LAT_NEUROLOGIC_DYSFUNCTION/LAT_NEUROLOGIC_DYSFUNCTION_cate.csv,befb9efe1b44555b2661b1a2a19bcb48c9cca4f7236956eece3e30d8bb7d2cef,6486,,False,F-CATE-DIST-01,PENDING_HUMAN_SELECTION,PENDING_HUMAN_SELECTION,NO_NEW_SUBGROUP_EFFECTS,Patient-level CATE artifact inventoried; no new summary computed.
mimic,CausalPFN,outcome-downsampled,LAT_RENAL_DYSFUNCTION,patient_level_cate_distribution,final-results/causal-outputs/outputs-mimic-pfn-downsample/cate_estimation/LAT_RENAL_DYSFUNCTION/LAT_RENAL_DYSFUNCTION_cate.csv,ccc267c5fb584d830b90269e117887c0b3663f4e3b9548806a0518f05bc71c90,6486,,False,F-CATE-DIST-01,PENDING_HUMAN_SELECTION,PENDING_HUMAN_SELECTION,NO_NEW_SUBGROUP_EFFECTS,Patient-level CATE artifact inventoried; no new summary computed.
mimic,CausalPFN,outcome-downsampled,LAT_RESPIRATORY_FAILURE,patient_level_cate_distribution,final-results/causal-outputs/outputs-mimic-pfn-downsample/cate_estimation/LAT_RESPIRATORY_FAILURE/LAT_RESPIRATORY_FAILURE_cate.csv,e1826c89d61365abc1157e5e4aa07947a2de0b9b920622745fee4ab39742e5e5,6486,,False,F-CATE-DIST-01,PENDING_HUMAN_SELECTION,PENDING_HUMAN_SELECTION,NO_NEW_SUBGROUP_EFFECTS,Patient-level CATE artifact inventoried; no new summary computed.
mimic,CausalPFN,outcome-downsampled,LAT_SHOCK,patient_level_cate_distribution,final-results/causal-outputs/outputs-mimic-pfn-downsample/cate_estimation/LAT_SHOCK/LAT_SHOCK_cate.csv,0ebca8b01238ea00bd1b2f6a5e696e89359198351e10f2a028d06135626a8e30,6486,,False,F-CATE-DIST-01,PENDING_HUMAN_SELECTION,PENDING_HUMAN_SELECTION,NO_NEW_SUBGROUP_EFFECTS,Patient-level CATE artifact inventoried; no new summary computed.
physionet,CausalForestDML,original,LAT_CARDIAC_INJURY_STRAIN,patient_level_cate_distribution,final-results/causal-outputs/outputs-physionet-forest/cate_estimation/LAT_CARDIAC_INJURY_STRAIN/LAT_CARDIAC_INJURY_STRAIN_cate.csv,9c4eca0b0218652e8ac4ade91c6a8dcfa75fd2842e0d84b38a332ac7aa44e3aa,7993,,False,F-CATE-DIST-01,PENDING_HUMAN_SELECTION,PENDING_HUMAN_SELECTION,NO_NEW_SUBGROUP_EFFECTS,Patient-level CATE artifact inventoried; no new summary computed.
physionet,CausalForestDML,original,LAT_COAG_HEME_DYSFUNCTION,patient_level_cate_distribution,final-results/causal-outputs/outputs-physionet-forest/cate_estimation/LAT_COAG_HEME_DYSFUNCTION/LAT_COAG_HEME_DYSFUNCTION_cate.csv,10a9b2f9139a0c41bc4c8cbfd81ddd19a69163da2497a092f8662e7855232b9d,7993,,False,F-CATE-DIST-01,PENDING_HUMAN_SELECTION,PENDING_HUMAN_SELECTION,NO_NEW_SUBGROUP_EFFECTS,Patient-level CATE artifact inventoried; no new summary computed.
physionet,CausalForestDML,original,LAT_GLOBAL_SEVERITY,patient_level_cate_distribution,final-results/causal-outputs/outputs-physionet-forest/cate_estimation/LAT_GLOBAL_SEVERITY/LAT_GLOBAL_SEVERITY_cate.csv,8e50ff0132f15b832964e6f87e6f8879391fbc5d4a7d9569a8d6d5816c1c16ea,7993,,False,F-CATE-DIST-01,PENDING_HUMAN_SELECTION,PENDING_HUMAN_SELECTION,NO_NEW_SUBGROUP_EFFECTS,Patient-level CATE artifact inventoried; no new summary computed.
physionet,CausalForestDML,original,LAT_HEPATIC_DYSFUNCTION,patient_level_cate_distribution,final-results/causal-outputs/outputs-physionet-forest/cate_estimation/LAT_HEPATIC_DYSFUNCTION/LAT_HEPATIC_DYSFUNCTION_cate.csv,3de0673f99665910f106864fe3b1f0c29104034594d1b014c84d56f13ea10961,7993,,False,F-CATE-DIST-01,PENDING_HUMAN_SELECTION,PENDING_HUMAN_SELECTION,NO_NEW_SUBGROUP_EFFECTS,Patient-level CATE artifact inventoried; no new summary computed.
physionet,CausalForestDML,original,LAT_INFLAMMATION_SEPSIS_BURDEN,patient_level_cate_distribution,final-results/causal-outputs/outputs-physionet-forest/cate_estimation/LAT_INFLAMMATION_SEPSIS_BURDEN/LAT_INFLAMMATION_SEPSIS_BURDEN_cate.csv,def0521cfa8cf71b9a3f6dc6680a0b51f5654d4d865bcc651348ed2885360056,7993,,False,F-CATE-DIST-01,PENDING_HUMAN_SELECTION,PENDING_HUMAN_SELECTION,NO_NEW_SUBGROUP_EFFECTS,Patient-level CATE artifact inventoried; no new summary computed.
physionet,CausalForestDML,original,LAT_METABOLIC_DERANGEMENT,patient_level_cate_distribution,final-results/causal-outputs/outputs-physionet-forest/cate_estimation/LAT_METABOLIC_DERANGEMENT/LAT_METABOLIC_DERANGEMENT_cate.csv,bd00d68230f50a58b71a9814089ff565f8cd49506c177ce25e7a3ac73cd918b5,7993,,False,F-CATE-DIST-01,PENDING_HUMAN_SELECTION,PENDING_HUMAN_SELECTION,NO_NEW_SUBGROUP_EFFECTS,Patient-level CATE artifact inventoried; no new summary computed.
physionet,CausalForestDML,original,LAT_NEUROLOGIC_DYSFUNCTION,patient_level_cate_distribution,final-results/causal-outputs/outputs-physionet-forest/cate_estimation/LAT_NEUROLOGIC_DYSFUNCTION/LAT_NEUROLOGIC_DYSFUNCTION_cate.csv,4792e0c6aaed378d6e1e969965b8a46f4588386c4f8a3704a734b923909078fe,7993,,False,F-CATE-DIST-01,PENDING_HUMAN_SELECTION,PENDING_HUMAN_SELECTION,NO_NEW_SUBGROUP_EFFECTS,Patient-level CATE artifact inventoried; no new summary computed.
physionet,CausalForestDML,original,LAT_RENAL_DYSFUNCTION,patient_level_cate_distribution,final-results/causal-outputs/outputs-physionet-forest/cate_estimation/LAT_RENAL_DYSFUNCTION/LAT_RENAL_DYSFUNCTION_cate.csv,d1d7105eb7e91ad1f8dd881bf9d4ab01d4a179206f01fc34cd8599a2904cca16,7993,,False,F-CATE-DIST-01,PENDING_HUMAN_SELECTION,PENDING_HUMAN_SELECTION,NO_NEW_SUBGROUP_EFFECTS,Patient-level CATE artifact inventoried; no new summary computed.
physionet,CausalForestDML,original,LAT_RESPIRATORY_FAILURE,patient_level_cate_distribution,final-results/causal-outputs/outputs-physionet-forest/cate_estimation/LAT_RESPIRATORY_FAILURE/LAT_RESPIRATORY_FAILURE_cate.csv,e504bf87dee972c439989cf4ddeece971744acad1a5a9272aca9342b83a8e2fa,7993,,False,F-CATE-DIST-01,PENDING_HUMAN_SELECTION,PENDING_HUMAN_SELECTION,NO_NEW_SUBGROUP_EFFECTS,Patient-level CATE artifact inventoried; no new summary computed.
physionet,CausalForestDML,original,LAT_SHOCK,patient_level_cate_distribution,final-results/causal-outputs/outputs-physionet-forest/cate_estimation/LAT_SHOCK/LAT_SHOCK_cate.csv,f6fc7d747d86f97925b153ee0aa20eca00245ae38eca2db64b1df76a373bd192,7993,,False,F-CATE-DIST-01,PENDING_HUMAN_SELECTION,PENDING_HUMAN_SELECTION,NO_NEW_SUBGROUP_EFFECTS,Patient-level CATE artifact inventoried; no new summary computed.
physionet,CausalForestDML,original,LAT_CARDIAC_INJURY_STRAIN,feature_importance_or_coefficients,final-results/causal-outputs/outputs-physionet-forest/cate_estimation/LAT_CARDIAC_INJURY_STRAIN/LAT_CARDIAC_INJURY_STRAIN_feature_importance.csv,6e629785ee03bcfe8e0978e1c4037421fcc0db75f63bb76da2ad3cc905cc21a5,9,9,,F-FEATURE-IMP-01,PENDING_HUMAN_SELECTION,PENDING_HUMAN_SELECTION,FEATURE_IMPORTANCE_NOT_MECHANISM,Candidate only; no mechanistic interpretation.
physionet,CausalForestDML,original,LAT_COAG_HEME_DYSFUNCTION,feature_importance_or_coefficients,final-results/causal-outputs/outputs-physionet-forest/cate_estimation/LAT_COAG_HEME_DYSFUNCTION/LAT_COAG_HEME_DYSFUNCTION_feature_importance.csv,d6e9b29bb24542b35cd7fa3243f84a7fab2b21aa6f3a2edcdc300acb3bc71e3f,9,9,,F-FEATURE-IMP-01,PENDING_HUMAN_SELECTION,PENDING_HUMAN_SELECTION,FEATURE_IMPORTANCE_NOT_MECHANISM,Candidate only; no mechanistic interpretation.
physionet,CausalForestDML,original,LAT_GLOBAL_SEVERITY,feature_importance_or_coefficients,final-results/causal-outputs/outputs-physionet-forest/cate_estimation/LAT_GLOBAL_SEVERITY/LAT_GLOBAL_SEVERITY_feature_importance.csv,6938382a81283f95b602be0823d31e3ffe75975a47afd4c134223728fb683a53,9,9,,F-FEATURE-IMP-01,PENDING_HUMAN_SELECTION,PENDING_HUMAN_SELECTION,FEATURE_IMPORTANCE_NOT_MECHANISM,Candidate only; no mechanistic interpretation.
physionet,CausalForestDML,original,LAT_HEPATIC_DYSFUNCTION,feature_importance_or_coefficients,final-results/causal-outputs/outputs-physionet-forest/cate_estimation/LAT_HEPATIC_DYSFUNCTION/LAT_HEPATIC_DYSFUNCTION_feature_importance.csv,b0a00e7a9314950fc99aa23fb576a4cc7e5db892cf9cd9895e81efda687dbe35,9,9,,F-FEATURE-IMP-01,PENDING_HUMAN_SELECTION,PENDING_HUMAN_SELECTION,FEATURE_IMPORTANCE_NOT_MECHANISM,Candidate only; no mechanistic interpretation.
physionet,CausalForestDML,original,LAT_INFLAMMATION_SEPSIS_BURDEN,feature_importance_or_coefficients,final-results/causal-outputs/outputs-physionet-forest/cate_estimation/LAT_INFLAMMATION_SEPSIS_BURDEN/LAT_INFLAMMATION_SEPSIS_BURDEN_feature_importance.csv,2b467108a803676eb4d7b6af17a0b3620db36d523d59397c45cc39d7beb70894,8,8,,F-FEATURE-IMP-01,PENDING_HUMAN_SELECTION,PENDING_HUMAN_SELECTION,FEATURE_IMPORTANCE_NOT_MECHANISM,Candidate only; no mechanistic interpretation.
physionet,CausalForestDML,original,LAT_METABOLIC_DERANGEMENT,feature_importance_or_coefficients,final-results/causal-outputs/outputs-physionet-forest/cate_estimation/LAT_METABOLIC_DERANGEMENT/LAT_METABOLIC_DERANGEMENT_feature_importance.csv,af2038e32b81e94707a987d789c8c5b1f18d3b7ff1c23516e0f63e1f06fc9d9c,9,9,,F-FEATURE-IMP-01,PENDING_HUMAN_SELECTION,PENDING_HUMAN_SELECTION,FEATURE_IMPORTANCE_NOT_MECHANISM,Candidate only; no mechanistic interpretation.
physionet,CausalForestDML,original,LAT_NEUROLOGIC_DYSFUNCTION,feature_importance_or_coefficients,final-results/causal-outputs/outputs-physionet-forest/cate_estimation/LAT_NEUROLOGIC_DYSFUNCTION/LAT_NEUROLOGIC_DYSFUNCTION_feature_importance.csv,052653b16627b8d813cc3675bd2a74e12103ae4d313c436d90a58467264a2999,9,9,,F-FEATURE-IMP-01,PENDING_HUMAN_SELECTION,PENDING_HUMAN_SELECTION,FEATURE_IMPORTANCE_NOT_MECHANISM,Candidate only; no mechanistic interpretation.
physionet,CausalForestDML,original,LAT_RENAL_DYSFUNCTION,feature_importance_or_coefficients,final-results/causal-outputs/outputs-physionet-forest/cate_estimation/LAT_RENAL_DYSFUNCTION/LAT_RENAL_DYSFUNCTION_feature_importance.csv,4ffc03cbe8a8216004f6e5dfbfea07ea3cacc59406c2a33d4d4b59ae4ed0f9b2,9,9,,F-FEATURE-IMP-01,PENDING_HUMAN_SELECTION,PENDING_HUMAN_SELECTION,FEATURE_IMPORTANCE_NOT_MECHANISM,Candidate only; no mechanistic interpretation.
physionet,CausalForestDML,original,LAT_RESPIRATORY_FAILURE,feature_importance_or_coefficients,final-results/causal-outputs/outputs-physionet-forest/cate_estimation/LAT_RESPIRATORY_FAILURE/LAT_RESPIRATORY_FAILURE_feature_importance.csv,b42e6ced6c8d1cbce3a0432787ae60bdcb2f93a513e52bea557e00381e255651,9,9,,F-FEATURE-IMP-01,PENDING_HUMAN_SELECTION,PENDING_HUMAN_SELECTION,FEATURE_IMPORTANCE_NOT_MECHANISM,Candidate only; no mechanistic interpretation.
physionet,CausalForestDML,original,LAT_SHOCK,feature_importance_or_coefficients,final-results/causal-outputs/outputs-physionet-forest/cate_estimation/LAT_SHOCK/LAT_SHOCK_feature_importance.csv,9ca9d57069643fae5f30f5d4daa8822ae27e30718d96f9d55fc703432aee5421,9,9,,F-FEATURE-IMP-01,PENDING_HUMAN_SELECTION,PENDING_HUMAN_SELECTION,FEATURE_IMPORTANCE_NOT_MECHANISM,Candidate only; no mechanistic interpretation.
physionet,CausalForestDML,outcome-downsampled,LAT_CARDIAC_INJURY_STRAIN,patient_level_cate_distribution,final-results/causal-outputs/outputs-physionet-forest-downsample/cate_estimation/LAT_CARDIAC_INJURY_STRAIN/LAT_CARDIAC_INJURY_STRAIN_cate.csv,5f700e242c37594a52db222e5d36250aeb070b0142514a532a97e821ffac08bd,2276,,False,F-CATE-DIST-01,PENDING_HUMAN_SELECTION,PENDING_HUMAN_SELECTION,NO_NEW_SUBGROUP_EFFECTS,Patient-level CATE artifact inventoried; no new summary computed.
physionet,CausalForestDML,outcome-downsampled,LAT_COAG_HEME_DYSFUNCTION,patient_level_cate_distribution,final-results/causal-outputs/outputs-physionet-forest-downsample/cate_estimation/LAT_COAG_HEME_DYSFUNCTION/LAT_COAG_HEME_DYSFUNCTION_cate.csv,9032d42b42e77ae10edaf50a943d3e0973f606926758e83aa4e72e156e710d33,2276,,False,F-CATE-DIST-01,PENDING_HUMAN_SELECTION,PENDING_HUMAN_SELECTION,NO_NEW_SUBGROUP_EFFECTS,Patient-level CATE artifact inventoried; no new summary computed.
physionet,CausalForestDML,outcome-downsampled,LAT_GLOBAL_SEVERITY,patient_level_cate_distribution,final-results/causal-outputs/outputs-physionet-forest-downsample/cate_estimation/LAT_GLOBAL_SEVERITY/LAT_GLOBAL_SEVERITY_cate.csv,04df72bb8d1452583769f46d34870fbf71dfb3692ee0818ae88dc63409f12b01,2276,,False,F-CATE-DIST-01,PENDING_HUMAN_SELECTION,PENDING_HUMAN_SELECTION,NO_NEW_SUBGROUP_EFFECTS,Patient-level CATE artifact inventoried; no new summary computed.
physionet,CausalForestDML,outcome-downsampled,LAT_HEPATIC_DYSFUNCTION,patient_level_cate_distribution,final-results/causal-outputs/outputs-physionet-forest-downsample/cate_estimation/LAT_HEPATIC_DYSFUNCTION/LAT_HEPATIC_DYSFUNCTION_cate.csv,ea434d5c23dd9d7683eeb4d74d990050eb51376c93c5fd5aca58d7084ae554c2,2276,,False,F-CATE-DIST-01,PENDING_HUMAN_SELECTION,PENDING_HUMAN_SELECTION,NO_NEW_SUBGROUP_EFFECTS,Patient-level CATE artifact inventoried; no new summary computed.
physionet,CausalForestDML,outcome-downsampled,LAT_INFLAMMATION_SEPSIS_BURDEN,patient_level_cate_distribution,final-results/causal-outputs/outputs-physionet-forest-downsample/cate_estimation/LAT_INFLAMMATION_SEPSIS_BURDEN/LAT_INFLAMMATION_SEPSIS_BURDEN_cate.csv,0c8a207c4c8ac7cd1f8150f4e2ec95e4f97f6d6e607ac5e05fcb0f83e353cfab,2276,,False,F-CATE-DIST-01,PENDING_HUMAN_SELECTION,PENDING_HUMAN_SELECTION,NO_NEW_SUBGROUP_EFFECTS,Patient-level CATE artifact inventoried; no new summary computed.
physionet,CausalForestDML,outcome-downsampled,LAT_METABOLIC_DERANGEMENT,patient_level_cate_distribution,final-results/causal-outputs/outputs-physionet-forest-downsample/cate_estimation/LAT_METABOLIC_DERANGEMENT/LAT_METABOLIC_DERANGEMENT_cate.csv,1ee3d82a05c8646e69783fd66aaf128cac76eee9ff171ce3baa5c70d99cfb8ef,2276,,False,F-CATE-DIST-01,PENDING_HUMAN_SELECTION,PENDING_HUMAN_SELECTION,NO_NEW_SUBGROUP_EFFECTS,Patient-level CATE artifact inventoried; no new summary computed.
physionet,CausalForestDML,outcome-downsampled,LAT_NEUROLOGIC_DYSFUNCTION,patient_level_cate_distribution,final-results/causal-outputs/outputs-physionet-forest-downsample/cate_estimation/LAT_NEUROLOGIC_DYSFUNCTION/LAT_NEUROLOGIC_DYSFUNCTION_cate.csv,5a0f9eaf527b95537361758dde0809643caed850301a23750e127f245bb37922,2276,,False,F-CATE-DIST-01,PENDING_HUMAN_SELECTION,PENDING_HUMAN_SELECTION,NO_NEW_SUBGROUP_EFFECTS,Patient-level CATE artifact inventoried; no new summary computed.
physionet,CausalForestDML,outcome-downsampled,LAT_RENAL_DYSFUNCTION,patient_level_cate_distribution,final-results/causal-outputs/outputs-physionet-forest-downsample/cate_estimation/LAT_RENAL_DYSFUNCTION/LAT_RENAL_DYSFUNCTION_cate.csv,6cb40a76e5417afd1ae109f2287f2219ba2e8da774face6ab1d2acf9011c7cce,2276,,False,F-CATE-DIST-01,PENDING_HUMAN_SELECTION,PENDING_HUMAN_SELECTION,NO_NEW_SUBGROUP_EFFECTS,Patient-level CATE artifact inventoried; no new summary computed.
physionet,CausalForestDML,outcome-downsampled,LAT_RESPIRATORY_FAILURE,patient_level_cate_distribution,final-results/causal-outputs/outputs-physionet-forest-downsample/cate_estimation/LAT_RESPIRATORY_FAILURE/LAT_RESPIRATORY_FAILURE_cate.csv,1f73367cfbdf14ec08484e01978dc29e18f43443305c14f799876f0fbc162785,2276,,False,F-CATE-DIST-01,PENDING_HUMAN_SELECTION,PENDING_HUMAN_SELECTION,NO_NEW_SUBGROUP_EFFECTS,Patient-level CATE artifact inventoried; no new summary computed.
physionet,CausalForestDML,outcome-downsampled,LAT_SHOCK,patient_level_cate_distribution,final-results/causal-outputs/outputs-physionet-forest-downsample/cate_estimation/LAT_SHOCK/LAT_SHOCK_cate.csv,ccfd5b3a3d58263e3f83b79133fa756f1302fe52266363d650c1d2e64a87985c,2276,,False,F-CATE-DIST-01,PENDING_HUMAN_SELECTION,PENDING_HUMAN_SELECTION,NO_NEW_SUBGROUP_EFFECTS,Patient-level CATE artifact inventoried; no new summary computed.
physionet,CausalForestDML,outcome-downsampled,LAT_CARDIAC_INJURY_STRAIN,feature_importance_or_coefficients,final-results/causal-outputs/outputs-physionet-forest-downsample/cate_estimation/LAT_CARDIAC_INJURY_STRAIN/LAT_CARDIAC_INJURY_STRAIN_feature_importance.csv,22b03827a7a1cca768dab636c400e31e1bbfeddbb2eec857c09b7b6950efc1f0,9,9,,F-FEATURE-IMP-01,PENDING_HUMAN_SELECTION,PENDING_HUMAN_SELECTION,FEATURE_IMPORTANCE_NOT_MECHANISM,Candidate only; no mechanistic interpretation.
physionet,CausalForestDML,outcome-downsampled,LAT_COAG_HEME_DYSFUNCTION,feature_importance_or_coefficients,final-results/causal-outputs/outputs-physionet-forest-downsample/cate_estimation/LAT_COAG_HEME_DYSFUNCTION/LAT_COAG_HEME_DYSFUNCTION_feature_importance.csv,dd7c7352f53340e19168805f5b1dc76dc38623c288df233d6d228647e5ae7366,9,9,,F-FEATURE-IMP-01,PENDING_HUMAN_SELECTION,PENDING_HUMAN_SELECTION,FEATURE_IMPORTANCE_NOT_MECHANISM,Candidate only; no mechanistic interpretation.
physionet,CausalForestDML,outcome-downsampled,LAT_GLOBAL_SEVERITY,feature_importance_or_coefficients,final-results/causal-outputs/outputs-physionet-forest-downsample/cate_estimation/LAT_GLOBAL_SEVERITY/LAT_GLOBAL_SEVERITY_feature_importance.csv,2326ec8b579fc71471b2e7d2d8eb4ff4651f54916e7fb73e513385feaaf1f35d,9,9,,F-FEATURE-IMP-01,PENDING_HUMAN_SELECTION,PENDING_HUMAN_SELECTION,FEATURE_IMPORTANCE_NOT_MECHANISM,Candidate only; no mechanistic interpretation.
physionet,CausalForestDML,outcome-downsampled,LAT_HEPATIC_DYSFUNCTION,feature_importance_or_coefficients,final-results/causal-outputs/outputs-physionet-forest-downsample/cate_estimation/LAT_HEPATIC_DYSFUNCTION/LAT_HEPATIC_DYSFUNCTION_feature_importance.csv,b8bb8bf031c53785f20365ef475b63bcb8990a9159f4f2f8390658b881bf4451,9,9,,F-FEATURE-IMP-01,PENDING_HUMAN_SELECTION,PENDING_HUMAN_SELECTION,FEATURE_IMPORTANCE_NOT_MECHANISM,Candidate only; no mechanistic interpretation.
physionet,CausalForestDML,outcome-downsampled,LAT_INFLAMMATION_SEPSIS_BURDEN,feature_importance_or_coefficients,final-results/causal-outputs/outputs-physionet-forest-downsample/cate_estimation/LAT_INFLAMMATION_SEPSIS_BURDEN/LAT_INFLAMMATION_SEPSIS_BURDEN_feature_importance.csv,785982a1292831d0149f4c72c603b99c97bb784378f71c957ef5641157912302,8,8,,F-FEATURE-IMP-01,PENDING_HUMAN_SELECTION,PENDING_HUMAN_SELECTION,FEATURE_IMPORTANCE_NOT_MECHANISM,Candidate only; no mechanistic interpretation.
physionet,CausalForestDML,outcome-downsampled,LAT_METABOLIC_DERANGEMENT,feature_importance_or_coefficients,final-results/causal-outputs/outputs-physionet-forest-downsample/cate_estimation/LAT_METABOLIC_DERANGEMENT/LAT_METABOLIC_DERANGEMENT_feature_importance.csv,c752aae05c7173e4d61c1527e22d81cc40caa0b5167a914db758e53f3601bb07,9,9,,F-FEATURE-IMP-01,PENDING_HUMAN_SELECTION,PENDING_HUMAN_SELECTION,FEATURE_IMPORTANCE_NOT_MECHANISM,Candidate only; no mechanistic interpretation.
physionet,CausalForestDML,outcome-downsampled,LAT_NEUROLOGIC_DYSFUNCTION,feature_importance_or_coefficients,final-results/causal-outputs/outputs-physionet-forest-downsample/cate_estimation/LAT_NEUROLOGIC_DYSFUNCTION/LAT_NEUROLOGIC_DYSFUNCTION_feature_importance.csv,e58587ea1922c6f7185ee8008040057d8fd5487edd5d148069e1fe8387d0c073,9,9,,F-FEATURE-IMP-01,PENDING_HUMAN_SELECTION,PENDING_HUMAN_SELECTION,FEATURE_IMPORTANCE_NOT_MECHANISM,Candidate only; no mechanistic interpretation.
physionet,CausalForestDML,outcome-downsampled,LAT_RENAL_DYSFUNCTION,feature_importance_or_coefficients,final-results/causal-outputs/outputs-physionet-forest-downsample/cate_estimation/LAT_RENAL_DYSFUNCTION/LAT_RENAL_DYSFUNCTION_feature_importance.csv,975a8cc77c135a3f30148e206aad84950809486c9e231c7ec4b5f86c88f8fdc5,9,9,,F-FEATURE-IMP-01,PENDING_HUMAN_SELECTION,PENDING_HUMAN_SELECTION,FEATURE_IMPORTANCE_NOT_MECHANISM,Candidate only; no mechanistic interpretation.
physionet,CausalForestDML,outcome-downsampled,LAT_RESPIRATORY_FAILURE,feature_importance_or_coefficients,final-results/causal-outputs/outputs-physionet-forest-downsample/cate_estimation/LAT_RESPIRATORY_FAILURE/LAT_RESPIRATORY_FAILURE_feature_importance.csv,9566a71c4bb8675157c2319e2d8bff854b788bf489d42b7e8cde6cb58bd83ecc,9,9,,F-FEATURE-IMP-01,PENDING_HUMAN_SELECTION,PENDING_HUMAN_SELECTION,FEATURE_IMPORTANCE_NOT_MECHANISM,Candidate only; no mechanistic interpretation.
physionet,CausalForestDML,outcome-downsampled,LAT_SHOCK,feature_importance_or_coefficients,final-results/causal-outputs/outputs-physionet-forest-downsample/cate_estimation/LAT_SHOCK/LAT_SHOCK_feature_importance.csv,5d5ccccf5d6c3fdde3d989d6d3a74b108b9b86a81e6a176258008e70d531ca36,9,9,,F-FEATURE-IMP-01,PENDING_HUMAN_SELECTION,PENDING_HUMAN_SELECTION,FEATURE_IMPORTANCE_NOT_MECHANISM,Candidate only; no mechanistic interpretation.
physionet,LinearDML,original,LAT_CARDIAC_INJURY_STRAIN,patient_level_cate_distribution,final-results/causal-outputs/outputs-physionet-linear/cate_estimation/LAT_CARDIAC_INJURY_STRAIN/LAT_CARDIAC_INJURY_STRAIN_cate.csv,7b054ebaaa7194923beef2d99316a97c9de2a507042669d5309b417e9d005715,7993,,False,F-CATE-DIST-01,PENDING_HUMAN_SELECTION,PENDING_HUMAN_SELECTION,NO_NEW_SUBGROUP_EFFECTS,Patient-level CATE artifact inventoried; no new summary computed.
physionet,LinearDML,original,LAT_COAG_HEME_DYSFUNCTION,patient_level_cate_distribution,final-results/causal-outputs/outputs-physionet-linear/cate_estimation/LAT_COAG_HEME_DYSFUNCTION/LAT_COAG_HEME_DYSFUNCTION_cate.csv,a789c9c3f48c5b3e32f2938581a48cfcd7369594a6ecef7bf9565fd07851f147,7993,,False,F-CATE-DIST-01,PENDING_HUMAN_SELECTION,PENDING_HUMAN_SELECTION,NO_NEW_SUBGROUP_EFFECTS,Patient-level CATE artifact inventoried; no new summary computed.
physionet,LinearDML,original,LAT_GLOBAL_SEVERITY,patient_level_cate_distribution,final-results/causal-outputs/outputs-physionet-linear/cate_estimation/LAT_GLOBAL_SEVERITY/LAT_GLOBAL_SEVERITY_cate.csv,ec6fd9a08f4229f46540fe20d43f6e2cef22c4e5950d5264426bc02f808b8125,7993,,False,F-CATE-DIST-01,PENDING_HUMAN_SELECTION,PENDING_HUMAN_SELECTION,NO_NEW_SUBGROUP_EFFECTS,Patient-level CATE artifact inventoried; no new summary computed.
physionet,LinearDML,original,LAT_HEPATIC_DYSFUNCTION,patient_level_cate_distribution,final-results/causal-outputs/outputs-physionet-linear/cate_estimation/LAT_HEPATIC_DYSFUNCTION/LAT_HEPATIC_DYSFUNCTION_cate.csv,b55bceadd846d9a5a2ff73dc8163f4612c8ab3fda0f12560ca012687779f9e1a,7993,,False,F-CATE-DIST-01,PENDING_HUMAN_SELECTION,PENDING_HUMAN_SELECTION,NO_NEW_SUBGROUP_EFFECTS,Patient-level CATE artifact inventoried; no new summary computed.
physionet,LinearDML,original,LAT_INFLAMMATION_SEPSIS_BURDEN,patient_level_cate_distribution,final-results/causal-outputs/outputs-physionet-linear/cate_estimation/LAT_INFLAMMATION_SEPSIS_BURDEN/LAT_INFLAMMATION_SEPSIS_BURDEN_cate.csv,c2ed92cb8f57f2565a917fe330725f2a6e2d724bd2391b770f1787010f3bb6f7,7993,,False,F-CATE-DIST-01,PENDING_HUMAN_SELECTION,PENDING_HUMAN_SELECTION,NO_NEW_SUBGROUP_EFFECTS,Patient-level CATE artifact inventoried; no new summary computed.
physionet,LinearDML,original,LAT_METABOLIC_DERANGEMENT,patient_level_cate_distribution,final-results/causal-outputs/outputs-physionet-linear/cate_estimation/LAT_METABOLIC_DERANGEMENT/LAT_METABOLIC_DERANGEMENT_cate.csv,0645dd3a14f9ac4319dc83c67ad7ae23e451a8e7c5e58e0ef2a203aae2bf333f,7993,,False,F-CATE-DIST-01,PENDING_HUMAN_SELECTION,PENDING_HUMAN_SELECTION,NO_NEW_SUBGROUP_EFFECTS,Patient-level CATE artifact inventoried; no new summary computed.
physionet,LinearDML,original,LAT_NEUROLOGIC_DYSFUNCTION,patient_level_cate_distribution,final-results/causal-outputs/outputs-physionet-linear/cate_estimation/LAT_NEUROLOGIC_DYSFUNCTION/LAT_NEUROLOGIC_DYSFUNCTION_cate.csv,acae2600fa4408e35ed090dca56d6063b5da53a32d2cdbf5f1ece68e85f13e1b,7993,,False,F-CATE-DIST-01,PENDING_HUMAN_SELECTION,PENDING_HUMAN_SELECTION,NO_NEW_SUBGROUP_EFFECTS,Patient-level CATE artifact inventoried; no new summary computed.
physionet,LinearDML,original,LAT_RENAL_DYSFUNCTION,patient_level_cate_distribution,final-results/causal-outputs/outputs-physionet-linear/cate_estimation/LAT_RENAL_DYSFUNCTION/LAT_RENAL_DYSFUNCTION_cate.csv,7e2c9ac88ee45bbba5c2487af527715b121b7240c34ce23553ff0cfd144d793d,7993,,False,F-CATE-DIST-01,PENDING_HUMAN_SELECTION,PENDING_HUMAN_SELECTION,NO_NEW_SUBGROUP_EFFECTS,Patient-level CATE artifact inventoried; no new summary computed.
physionet,LinearDML,original,LAT_RESPIRATORY_FAILURE,patient_level_cate_distribution,final-results/causal-outputs/outputs-physionet-linear/cate_estimation/LAT_RESPIRATORY_FAILURE/LAT_RESPIRATORY_FAILURE_cate.csv,3c406c30e9dd12c416082910443c6be07aaadcad51f3db799d0c565d98735859,7993,,False,F-CATE-DIST-01,PENDING_HUMAN_SELECTION,PENDING_HUMAN_SELECTION,NO_NEW_SUBGROUP_EFFECTS,Patient-level CATE artifact inventoried; no new summary computed.
physionet,LinearDML,original,LAT_SHOCK,patient_level_cate_distribution,final-results/causal-outputs/outputs-physionet-linear/cate_estimation/LAT_SHOCK/LAT_SHOCK_cate.csv,6a0465465faf9c4e0f63950c3964f3b8c8df6fc6a2748d63ca1a5049170bea86,7993,,False,F-CATE-DIST-01,PENDING_HUMAN_SELECTION,PENDING_HUMAN_SELECTION,NO_NEW_SUBGROUP_EFFECTS,Patient-level CATE artifact inventoried; no new summary computed.
physionet,LinearDML,original,LAT_CARDIAC_INJURY_STRAIN,feature_importance_or_coefficients,final-results/causal-outputs/outputs-physionet-linear/cate_estimation/LAT_CARDIAC_INJURY_STRAIN/LAT_CARDIAC_INJURY_STRAIN_feature_importance.csv,2ae8cc2d99c1ff405f2fa5cb325387347a0c502c2b3b59a2a153acfdd230253d,9,9,,F-FEATURE-IMP-01,PENDING_HUMAN_SELECTION,PENDING_HUMAN_SELECTION,FEATURE_IMPORTANCE_NOT_MECHANISM,Candidate only; no mechanistic interpretation.
physionet,LinearDML,original,LAT_COAG_HEME_DYSFUNCTION,feature_importance_or_coefficients,final-results/causal-outputs/outputs-physionet-linear/cate_estimation/LAT_COAG_HEME_DYSFUNCTION/LAT_COAG_HEME_DYSFUNCTION_feature_importance.csv,d993e04c985a50ce3957d43a98cb6d9ec6d187065f6c072909ff8303e5920831,9,9,,F-FEATURE-IMP-01,PENDING_HUMAN_SELECTION,PENDING_HUMAN_SELECTION,FEATURE_IMPORTANCE_NOT_MECHANISM,Candidate only; no mechanistic interpretation.
physionet,LinearDML,original,LAT_GLOBAL_SEVERITY,feature_importance_or_coefficients,final-results/causal-outputs/outputs-physionet-linear/cate_estimation/LAT_GLOBAL_SEVERITY/LAT_GLOBAL_SEVERITY_feature_importance.csv,a4378679a71b191e812a9f069f446744b00cf2098d6e6dc509179b73895dda56,9,9,,F-FEATURE-IMP-01,PENDING_HUMAN_SELECTION,PENDING_HUMAN_SELECTION,FEATURE_IMPORTANCE_NOT_MECHANISM,Candidate only; no mechanistic interpretation.
physionet,LinearDML,original,LAT_HEPATIC_DYSFUNCTION,feature_importance_or_coefficients,final-results/causal-outputs/outputs-physionet-linear/cate_estimation/LAT_HEPATIC_DYSFUNCTION/LAT_HEPATIC_DYSFUNCTION_feature_importance.csv,364376a48586c07a23bf61f6c32a0faee01e36b9c666c62f1bb299669aceb7e2,9,9,,F-FEATURE-IMP-01,PENDING_HUMAN_SELECTION,PENDING_HUMAN_SELECTION,FEATURE_IMPORTANCE_NOT_MECHANISM,Candidate only; no mechanistic interpretation.
physionet,LinearDML,original,LAT_INFLAMMATION_SEPSIS_BURDEN,feature_importance_or_coefficients,final-results/causal-outputs/outputs-physionet-linear/cate_estimation/LAT_INFLAMMATION_SEPSIS_BURDEN/LAT_INFLAMMATION_SEPSIS_BURDEN_feature_importance.csv,5e37fa7a5cc8356aa12004442c3494e6de2cabb04bf48ac83bc2df595674749a,8,8,,F-FEATURE-IMP-01,PENDING_HUMAN_SELECTION,PENDING_HUMAN_SELECTION,FEATURE_IMPORTANCE_NOT_MECHANISM,Candidate only; no mechanistic interpretation.
physionet,LinearDML,original,LAT_METABOLIC_DERANGEMENT,feature_importance_or_coefficients,final-results/causal-outputs/outputs-physionet-linear/cate_estimation/LAT_METABOLIC_DERANGEMENT/LAT_METABOLIC_DERANGEMENT_feature_importance.csv,7952286691575376246319146caa72e18c8f681f458a703e8c2dd99c82ffc774,9,9,,F-FEATURE-IMP-01,PENDING_HUMAN_SELECTION,PENDING_HUMAN_SELECTION,FEATURE_IMPORTANCE_NOT_MECHANISM,Candidate only; no mechanistic interpretation.
physionet,LinearDML,original,LAT_NEUROLOGIC_DYSFUNCTION,feature_importance_or_coefficients,final-results/causal-outputs/outputs-physionet-linear/cate_estimation/LAT_NEUROLOGIC_DYSFUNCTION/LAT_NEUROLOGIC_DYSFUNCTION_feature_importance.csv,efa6ca9eb8513e739c3ed407c372db6d9bad2cc82ecf1cc94da13af03af61da3,9,9,,F-FEATURE-IMP-01,PENDING_HUMAN_SELECTION,PENDING_HUMAN_SELECTION,FEATURE_IMPORTANCE_NOT_MECHANISM,Candidate only; no mechanistic interpretation.
physionet,LinearDML,original,LAT_RENAL_DYSFUNCTION,feature_importance_or_coefficients,final-results/causal-outputs/outputs-physionet-linear/cate_estimation/LAT_RENAL_DYSFUNCTION/LAT_RENAL_DYSFUNCTION_feature_importance.csv,12c612ec2f021b7fb3e7ebb612e5277f11d045284317ff9adfc8d9acb2dc8f3b,9,9,,F-FEATURE-IMP-01,PENDING_HUMAN_SELECTION,PENDING_HUMAN_SELECTION,FEATURE_IMPORTANCE_NOT_MECHANISM,Candidate only; no mechanistic interpretation.
physionet,LinearDML,original,LAT_RESPIRATORY_FAILURE,feature_importance_or_coefficients,final-results/causal-outputs/outputs-physionet-linear/cate_estimation/LAT_RESPIRATORY_FAILURE/LAT_RESPIRATORY_FAILURE_feature_importance.csv,e134846df804f076a46829d5be0acc748611100478b48556fc2ae93b07629d05,9,9,,F-FEATURE-IMP-01,PENDING_HUMAN_SELECTION,PENDING_HUMAN_SELECTION,FEATURE_IMPORTANCE_NOT_MECHANISM,Candidate only; no mechanistic interpretation.
physionet,LinearDML,original,LAT_SHOCK,feature_importance_or_coefficients,final-results/causal-outputs/outputs-physionet-linear/cate_estimation/LAT_SHOCK/LAT_SHOCK_feature_importance.csv,724d0f5a5de0be9fa194493ed47c504ee6a9a251193c4181db2583671be04900,9,9,,F-FEATURE-IMP-01,PENDING_HUMAN_SELECTION,PENDING_HUMAN_SELECTION,FEATURE_IMPORTANCE_NOT_MECHANISM,Candidate only; no mechanistic interpretation.
physionet,LinearDML,outcome-downsampled,LAT_CARDIAC_INJURY_STRAIN,patient_level_cate_distribution,final-results/causal-outputs/outputs-physionet-linear-downsample/cate_estimation/LAT_CARDIAC_INJURY_STRAIN/LAT_CARDIAC_INJURY_STRAIN_cate.csv,e75c475d82b31b80f78da4fc88acaaad24b81499dbc7e216add85c4b81cbd1de,2276,,False,F-CATE-DIST-01,PENDING_HUMAN_SELECTION,PENDING_HUMAN_SELECTION,NO_NEW_SUBGROUP_EFFECTS,Patient-level CATE artifact inventoried; no new summary computed.
physionet,LinearDML,outcome-downsampled,LAT_COAG_HEME_DYSFUNCTION,patient_level_cate_distribution,final-results/causal-outputs/outputs-physionet-linear-downsample/cate_estimation/LAT_COAG_HEME_DYSFUNCTION/LAT_COAG_HEME_DYSFUNCTION_cate.csv,adda81ef003be344504512a6550f8f56c0b9207c84c53bc8b2c523d8b94f5ded,2276,,False,F-CATE-DIST-01,PENDING_HUMAN_SELECTION,PENDING_HUMAN_SELECTION,NO_NEW_SUBGROUP_EFFECTS,Patient-level CATE artifact inventoried; no new summary computed.
physionet,LinearDML,outcome-downsampled,LAT_GLOBAL_SEVERITY,patient_level_cate_distribution,final-results/causal-outputs/outputs-physionet-linear-downsample/cate_estimation/LAT_GLOBAL_SEVERITY/LAT_GLOBAL_SEVERITY_cate.csv,06bb87e963e605152552faeadc8af164375858c4a0fa9049c2bd2e32e3a85952,2276,,False,F-CATE-DIST-01,PENDING_HUMAN_SELECTION,PENDING_HUMAN_SELECTION,NO_NEW_SUBGROUP_EFFECTS,Patient-level CATE artifact inventoried; no new summary computed.
physionet,LinearDML,outcome-downsampled,LAT_HEPATIC_DYSFUNCTION,patient_level_cate_distribution,final-results/causal-outputs/outputs-physionet-linear-downsample/cate_estimation/LAT_HEPATIC_DYSFUNCTION/LAT_HEPATIC_DYSFUNCTION_cate.csv,fb8a9758bc3309d83f16fa72303df8079575ef8d88077f116058308c98e11559,2276,,False,F-CATE-DIST-01,PENDING_HUMAN_SELECTION,PENDING_HUMAN_SELECTION,NO_NEW_SUBGROUP_EFFECTS,Patient-level CATE artifact inventoried; no new summary computed.
physionet,LinearDML,outcome-downsampled,LAT_INFLAMMATION_SEPSIS_BURDEN,patient_level_cate_distribution,final-results/causal-outputs/outputs-physionet-linear-downsample/cate_estimation/LAT_INFLAMMATION_SEPSIS_BURDEN/LAT_INFLAMMATION_SEPSIS_BURDEN_cate.csv,f8bd7369ff55777127aa227cf8521978f5f821bf549a7b2ce6f6b8b886e15033,2276,,False,F-CATE-DIST-01,PENDING_HUMAN_SELECTION,PENDING_HUMAN_SELECTION,NO_NEW_SUBGROUP_EFFECTS,Patient-level CATE artifact inventoried; no new summary computed.
physionet,LinearDML,outcome-downsampled,LAT_METABOLIC_DERANGEMENT,patient_level_cate_distribution,final-results/causal-outputs/outputs-physionet-linear-downsample/cate_estimation/LAT_METABOLIC_DERANGEMENT/LAT_METABOLIC_DERANGEMENT_cate.csv,7f2275f4dee054ae6dc68dfb5b07dee28cadc6d42bb8a347ba0df033daf5a8f9,2276,,False,F-CATE-DIST-01,PENDING_HUMAN_SELECTION,PENDING_HUMAN_SELECTION,NO_NEW_SUBGROUP_EFFECTS,Patient-level CATE artifact inventoried; no new summary computed.
physionet,LinearDML,outcome-downsampled,LAT_NEUROLOGIC_DYSFUNCTION,patient_level_cate_distribution,final-results/causal-outputs/outputs-physionet-linear-downsample/cate_estimation/LAT_NEUROLOGIC_DYSFUNCTION/LAT_NEUROLOGIC_DYSFUNCTION_cate.csv,c4542178381fbe4956e41b8b2a6b4b07d8b673a6b06742858d021be1afa57149,2276,,False,F-CATE-DIST-01,PENDING_HUMAN_SELECTION,PENDING_HUMAN_SELECTION,NO_NEW_SUBGROUP_EFFECTS,Patient-level CATE artifact inventoried; no new summary computed.
physionet,LinearDML,outcome-downsampled,LAT_RENAL_DYSFUNCTION,patient_level_cate_distribution,final-results/causal-outputs/outputs-physionet-linear-downsample/cate_estimation/LAT_RENAL_DYSFUNCTION/LAT_RENAL_DYSFUNCTION_cate.csv,d2495d0200caff4ea6ea72c85e9030fd182151ebacdbf2af67b2c2c71e24f29f,2276,,False,F-CATE-DIST-01,PENDING_HUMAN_SELECTION,PENDING_HUMAN_SELECTION,NO_NEW_SUBGROUP_EFFECTS,Patient-level CATE artifact inventoried; no new summary computed.
physionet,LinearDML,outcome-downsampled,LAT_RESPIRATORY_FAILURE,patient_level_cate_distribution,final-results/causal-outputs/outputs-physionet-linear-downsample/cate_estimation/LAT_RESPIRATORY_FAILURE/LAT_RESPIRATORY_FAILURE_cate.csv,56baf350f8f0c8ffbfe45047227267a366bfe8c92a55cb73368074358d10c496,2276,,False,F-CATE-DIST-01,PENDING_HUMAN_SELECTION,PENDING_HUMAN_SELECTION,NO_NEW_SUBGROUP_EFFECTS,Patient-level CATE artifact inventoried; no new summary computed.
physionet,LinearDML,outcome-downsampled,LAT_SHOCK,patient_level_cate_distribution,final-results/causal-outputs/outputs-physionet-linear-downsample/cate_estimation/LAT_SHOCK/LAT_SHOCK_cate.csv,d137e000475df4be4e48f5db543b317fb3e512a5bb797f09c8f0d1aa19d295c8,2276,,False,F-CATE-DIST-01,PENDING_HUMAN_SELECTION,PENDING_HUMAN_SELECTION,NO_NEW_SUBGROUP_EFFECTS,Patient-level CATE artifact inventoried; no new summary computed.
physionet,LinearDML,outcome-downsampled,LAT_CARDIAC_INJURY_STRAIN,feature_importance_or_coefficients,final-results/causal-outputs/outputs-physionet-linear-downsample/cate_estimation/LAT_CARDIAC_INJURY_STRAIN/LAT_CARDIAC_INJURY_STRAIN_feature_importance.csv,c209c107ebf4f45e20ad06a19683cd836aa3dfc81584431c0a188d4450379183,9,9,,F-FEATURE-IMP-01,PENDING_HUMAN_SELECTION,PENDING_HUMAN_SELECTION,FEATURE_IMPORTANCE_NOT_MECHANISM,Candidate only; no mechanistic interpretation.
physionet,LinearDML,outcome-downsampled,LAT_COAG_HEME_DYSFUNCTION,feature_importance_or_coefficients,final-results/causal-outputs/outputs-physionet-linear-downsample/cate_estimation/LAT_COAG_HEME_DYSFUNCTION/LAT_COAG_HEME_DYSFUNCTION_feature_importance.csv,2ec97105a398b8128f475e7236ba0d37d023820c7b6aedc3651e6c80154dabd4,9,9,,F-FEATURE-IMP-01,PENDING_HUMAN_SELECTION,PENDING_HUMAN_SELECTION,FEATURE_IMPORTANCE_NOT_MECHANISM,Candidate only; no mechanistic interpretation.
physionet,LinearDML,outcome-downsampled,LAT_GLOBAL_SEVERITY,feature_importance_or_coefficients,final-results/causal-outputs/outputs-physionet-linear-downsample/cate_estimation/LAT_GLOBAL_SEVERITY/LAT_GLOBAL_SEVERITY_feature_importance.csv,c21943730e6b3caf8fb86bac96efaa83f3bc53dc850dda03202c5068bd18eaf5,9,9,,F-FEATURE-IMP-01,PENDING_HUMAN_SELECTION,PENDING_HUMAN_SELECTION,FEATURE_IMPORTANCE_NOT_MECHANISM,Candidate only; no mechanistic interpretation.
physionet,LinearDML,outcome-downsampled,LAT_HEPATIC_DYSFUNCTION,feature_importance_or_coefficients,final-results/causal-outputs/outputs-physionet-linear-downsample/cate_estimation/LAT_HEPATIC_DYSFUNCTION/LAT_HEPATIC_DYSFUNCTION_feature_importance.csv,24bfa0efa1bb49bd3054c4fd0475bfe3df778cc86c687a6aecb5974786b546ca,9,9,,F-FEATURE-IMP-01,PENDING_HUMAN_SELECTION,PENDING_HUMAN_SELECTION,FEATURE_IMPORTANCE_NOT_MECHANISM,Candidate only; no mechanistic interpretation.
physionet,LinearDML,outcome-downsampled,LAT_INFLAMMATION_SEPSIS_BURDEN,feature_importance_or_coefficients,final-results/causal-outputs/outputs-physionet-linear-downsample/cate_estimation/LAT_INFLAMMATION_SEPSIS_BURDEN/LAT_INFLAMMATION_SEPSIS_BURDEN_feature_importance.csv,e7ba5e84d3023acc110053094f2084d08b2d0d6cadc8a092fd548eaef71d0476,8,8,,F-FEATURE-IMP-01,PENDING_HUMAN_SELECTION,PENDING_HUMAN_SELECTION,FEATURE_IMPORTANCE_NOT_MECHANISM,Candidate only; no mechanistic interpretation.
physionet,LinearDML,outcome-downsampled,LAT_METABOLIC_DERANGEMENT,feature_importance_or_coefficients,final-results/causal-outputs/outputs-physionet-linear-downsample/cate_estimation/LAT_METABOLIC_DERANGEMENT/LAT_METABOLIC_DERANGEMENT_feature_importance.csv,7ea91ae46f70ebce2a9c26cf6a87118bbfe256b8a311d7f2e6ba0f22466e0e95,9,9,,F-FEATURE-IMP-01,PENDING_HUMAN_SELECTION,PENDING_HUMAN_SELECTION,FEATURE_IMPORTANCE_NOT_MECHANISM,Candidate only; no mechanistic interpretation.
physionet,LinearDML,outcome-downsampled,LAT_NEUROLOGIC_DYSFUNCTION,feature_importance_or_coefficients,final-results/causal-outputs/outputs-physionet-linear-downsample/cate_estimation/LAT_NEUROLOGIC_DYSFUNCTION/LAT_NEUROLOGIC_DYSFUNCTION_feature_importance.csv,7bddf5b0ad8fff61a17fe7862e4d4eb40f19ab83a33b89252fecd40133855aaa,9,9,,F-FEATURE-IMP-01,PENDING_HUMAN_SELECTION,PENDING_HUMAN_SELECTION,FEATURE_IMPORTANCE_NOT_MECHANISM,Candidate only; no mechanistic interpretation.
physionet,LinearDML,outcome-downsampled,LAT_RENAL_DYSFUNCTION,feature_importance_or_coefficients,final-results/causal-outputs/outputs-physionet-linear-downsample/cate_estimation/LAT_RENAL_DYSFUNCTION/LAT_RENAL_DYSFUNCTION_feature_importance.csv,06b3f53b820cf60bcd2d91c723a0a4c056ba0098c5058ff0732219689fc3d91b,9,9,,F-FEATURE-IMP-01,PENDING_HUMAN_SELECTION,PENDING_HUMAN_SELECTION,FEATURE_IMPORTANCE_NOT_MECHANISM,Candidate only; no mechanistic interpretation.
physionet,LinearDML,outcome-downsampled,LAT_RESPIRATORY_FAILURE,feature_importance_or_coefficients,final-results/causal-outputs/outputs-physionet-linear-downsample/cate_estimation/LAT_RESPIRATORY_FAILURE/LAT_RESPIRATORY_FAILURE_feature_importance.csv,07e75e4b5e062b6f1f206857ef08b72f9c5e39f7eed721d1ae3e70d8d29ea77a,9,9,,F-FEATURE-IMP-01,PENDING_HUMAN_SELECTION,PENDING_HUMAN_SELECTION,FEATURE_IMPORTANCE_NOT_MECHANISM,Candidate only; no mechanistic interpretation.
physionet,LinearDML,outcome-downsampled,LAT_SHOCK,feature_importance_or_coefficients,final-results/causal-outputs/outputs-physionet-linear-downsample/cate_estimation/LAT_SHOCK/LAT_SHOCK_feature_importance.csv,81a66f48b9950b1e9c3a154f43857d9b1ad484ecd8105e67d146e1015a9c7aa2,9,9,,F-FEATURE-IMP-01,PENDING_HUMAN_SELECTION,PENDING_HUMAN_SELECTION,FEATURE_IMPORTANCE_NOT_MECHANISM,Candidate only; no mechanistic interpretation.
physionet,CausalPFN,original,LAT_CARDIAC_INJURY_STRAIN,patient_level_cate_distribution,final-results/causal-outputs/outputs-physionet-pfn/cate_estimation/LAT_CARDIAC_INJURY_STRAIN/LAT_CARDIAC_INJURY_STRAIN_cate.csv,cad459cbd40276a31a035aec067b19fd6541a2500222533cb55049b01c4afaa4,7993,,False,F-CATE-DIST-01,PENDING_HUMAN_SELECTION,PENDING_HUMAN_SELECTION,NO_NEW_SUBGROUP_EFFECTS,Patient-level CATE artifact inventoried; no new summary computed.
physionet,CausalPFN,original,LAT_COAG_HEME_DYSFUNCTION,patient_level_cate_distribution,final-results/causal-outputs/outputs-physionet-pfn/cate_estimation/LAT_COAG_HEME_DYSFUNCTION/LAT_COAG_HEME_DYSFUNCTION_cate.csv,168348503502d381b927cd6d64fdc0fba5e79da285f725644bfc1b53becc5932,7993,,False,F-CATE-DIST-01,PENDING_HUMAN_SELECTION,PENDING_HUMAN_SELECTION,NO_NEW_SUBGROUP_EFFECTS,Patient-level CATE artifact inventoried; no new summary computed.
physionet,CausalPFN,original,LAT_GLOBAL_SEVERITY,patient_level_cate_distribution,final-results/causal-outputs/outputs-physionet-pfn/cate_estimation/LAT_GLOBAL_SEVERITY/LAT_GLOBAL_SEVERITY_cate.csv,a01d3fa316f5005f14871d986ad9232b3097533ae70868b84f9af1052d3ac69a,7993,,False,F-CATE-DIST-01,PENDING_HUMAN_SELECTION,PENDING_HUMAN_SELECTION,NO_NEW_SUBGROUP_EFFECTS,Patient-level CATE artifact inventoried; no new summary computed.
physionet,CausalPFN,original,LAT_HEPATIC_DYSFUNCTION,patient_level_cate_distribution,final-results/causal-outputs/outputs-physionet-pfn/cate_estimation/LAT_HEPATIC_DYSFUNCTION/LAT_HEPATIC_DYSFUNCTION_cate.csv,bb968d047767444cbf9bb16245d426fff46f265dc278b9b65807df8d54f79540,7993,,False,F-CATE-DIST-01,PENDING_HUMAN_SELECTION,PENDING_HUMAN_SELECTION,NO_NEW_SUBGROUP_EFFECTS,Patient-level CATE artifact inventoried; no new summary computed.
physionet,CausalPFN,original,LAT_INFLAMMATION_SEPSIS_BURDEN,patient_level_cate_distribution,final-results/causal-outputs/outputs-physionet-pfn/cate_estimation/LAT_INFLAMMATION_SEPSIS_BURDEN/LAT_INFLAMMATION_SEPSIS_BURDEN_cate.csv,5f7951d6b4c193cd7b0d3121aec63cd5a07610d299478ccf8800b5ecf90d7ae8,7993,,False,F-CATE-DIST-01,PENDING_HUMAN_SELECTION,PENDING_HUMAN_SELECTION,NO_NEW_SUBGROUP_EFFECTS,Patient-level CATE artifact inventoried; no new summary computed.
physionet,CausalPFN,original,LAT_METABOLIC_DERANGEMENT,patient_level_cate_distribution,final-results/causal-outputs/outputs-physionet-pfn/cate_estimation/LAT_METABOLIC_DERANGEMENT/LAT_METABOLIC_DERANGEMENT_cate.csv,58adefcbd9966f33d98bebef7e971e71a3be7db3fd108559adc6c0b1e4ff1a7c,7993,,False,F-CATE-DIST-01,PENDING_HUMAN_SELECTION,PENDING_HUMAN_SELECTION,NO_NEW_SUBGROUP_EFFECTS,Patient-level CATE artifact inventoried; no new summary computed.
physionet,CausalPFN,original,LAT_NEUROLOGIC_DYSFUNCTION,patient_level_cate_distribution,final-results/causal-outputs/outputs-physionet-pfn/cate_estimation/LAT_NEUROLOGIC_DYSFUNCTION/LAT_NEUROLOGIC_DYSFUNCTION_cate.csv,965add2898de6cddfb1b630130506f63d6fb110a2643cb4a5991f80d057c6d50,7993,,False,F-CATE-DIST-01,PENDING_HUMAN_SELECTION,PENDING_HUMAN_SELECTION,NO_NEW_SUBGROUP_EFFECTS,Patient-level CATE artifact inventoried; no new summary computed.
physionet,CausalPFN,original,LAT_RENAL_DYSFUNCTION,patient_level_cate_distribution,final-results/causal-outputs/outputs-physionet-pfn/cate_estimation/LAT_RENAL_DYSFUNCTION/LAT_RENAL_DYSFUNCTION_cate.csv,b2f703bb0ee537bb9aadf444e9b6188d45bf88b3a6952c0912dd1ee8f5226f76,7993,,False,F-CATE-DIST-01,PENDING_HUMAN_SELECTION,PENDING_HUMAN_SELECTION,NO_NEW_SUBGROUP_EFFECTS,Patient-level CATE artifact inventoried; no new summary computed.
physionet,CausalPFN,original,LAT_RESPIRATORY_FAILURE,patient_level_cate_distribution,final-results/causal-outputs/outputs-physionet-pfn/cate_estimation/LAT_RESPIRATORY_FAILURE/LAT_RESPIRATORY_FAILURE_cate.csv,dc1a25b5cf6bb51e2553f7059640cb3ea3c4a0e23a58b47d1c476c081e998d03,7993,,False,F-CATE-DIST-01,PENDING_HUMAN_SELECTION,PENDING_HUMAN_SELECTION,NO_NEW_SUBGROUP_EFFECTS,Patient-level CATE artifact inventoried; no new summary computed.
physionet,CausalPFN,original,LAT_SHOCK,patient_level_cate_distribution,final-results/causal-outputs/outputs-physionet-pfn/cate_estimation/LAT_SHOCK/LAT_SHOCK_cate.csv,93ab65f956ec0498ad7c06b744594205c4f361d135eefd6e2454db17a9aaa42b,7993,,False,F-CATE-DIST-01,PENDING_HUMAN_SELECTION,PENDING_HUMAN_SELECTION,NO_NEW_SUBGROUP_EFFECTS,Patient-level CATE artifact inventoried; no new summary computed.
physionet,CausalPFN,outcome-downsampled,LAT_CARDIAC_INJURY_STRAIN,patient_level_cate_distribution,final-results/causal-outputs/outputs-physionet-pfn-downsample/cate_estimation/LAT_CARDIAC_INJURY_STRAIN/LAT_CARDIAC_INJURY_STRAIN_cate.csv,fd828cd6e900e0cd7ab5387ae3c6944533dcbf0aaa1a69ec0872be759836e72e,2276,,False,F-CATE-DIST-01,PENDING_HUMAN_SELECTION,PENDING_HUMAN_SELECTION,NO_NEW_SUBGROUP_EFFECTS,Patient-level CATE artifact inventoried; no new summary computed.
physionet,CausalPFN,outcome-downsampled,LAT_COAG_HEME_DYSFUNCTION,patient_level_cate_distribution,final-results/causal-outputs/outputs-physionet-pfn-downsample/cate_estimation/LAT_COAG_HEME_DYSFUNCTION/LAT_COAG_HEME_DYSFUNCTION_cate.csv,fb3c15a8a8ccb78ef5d361c4018a96ee8f617b2ed542b598f95b94eab92a102c,2276,,False,F-CATE-DIST-01,PENDING_HUMAN_SELECTION,PENDING_HUMAN_SELECTION,NO_NEW_SUBGROUP_EFFECTS,Patient-level CATE artifact inventoried; no new summary computed.
physionet,CausalPFN,outcome-downsampled,LAT_GLOBAL_SEVERITY,patient_level_cate_distribution,final-results/causal-outputs/outputs-physionet-pfn-downsample/cate_estimation/LAT_GLOBAL_SEVERITY/LAT_GLOBAL_SEVERITY_cate.csv,9b31f6312bb5cd94f82afcff6d3803b577dd705d95e1a75a7109d3e571ccb7bb,2276,,False,F-CATE-DIST-01,PENDING_HUMAN_SELECTION,PENDING_HUMAN_SELECTION,NO_NEW_SUBGROUP_EFFECTS,Patient-level CATE artifact inventoried; no new summary computed.
physionet,CausalPFN,outcome-downsampled,LAT_HEPATIC_DYSFUNCTION,patient_level_cate_distribution,final-results/causal-outputs/outputs-physionet-pfn-downsample/cate_estimation/LAT_HEPATIC_DYSFUNCTION/LAT_HEPATIC_DYSFUNCTION_cate.csv,862ec388b0011883691573b8561bed954b764c95b9d499a36c94cd1114baa5ea,2276,,False,F-CATE-DIST-01,PENDING_HUMAN_SELECTION,PENDING_HUMAN_SELECTION,NO_NEW_SUBGROUP_EFFECTS,Patient-level CATE artifact inventoried; no new summary computed.
physionet,CausalPFN,outcome-downsampled,LAT_INFLAMMATION_SEPSIS_BURDEN,patient_level_cate_distribution,final-results/causal-outputs/outputs-physionet-pfn-downsample/cate_estimation/LAT_INFLAMMATION_SEPSIS_BURDEN/LAT_INFLAMMATION_SEPSIS_BURDEN_cate.csv,0fea67a4d7a2fed316567478789c37fb98290dbbb8567d3c70ab83529118d2bd,2276,,False,F-CATE-DIST-01,PENDING_HUMAN_SELECTION,PENDING_HUMAN_SELECTION,NO_NEW_SUBGROUP_EFFECTS,Patient-level CATE artifact inventoried; no new summary computed.
physionet,CausalPFN,outcome-downsampled,LAT_METABOLIC_DERANGEMENT,patient_level_cate_distribution,final-results/causal-outputs/outputs-physionet-pfn-downsample/cate_estimation/LAT_METABOLIC_DERANGEMENT/LAT_METABOLIC_DERANGEMENT_cate.csv,f4e2f76e7a8039a1ea3c3a09da85c6249db4f0deeb42d1ae6870d8e1e8498253,2276,,False,F-CATE-DIST-01,PENDING_HUMAN_SELECTION,PENDING_HUMAN_SELECTION,NO_NEW_SUBGROUP_EFFECTS,Patient-level CATE artifact inventoried; no new summary computed.
physionet,CausalPFN,outcome-downsampled,LAT_NEUROLOGIC_DYSFUNCTION,patient_level_cate_distribution,final-results/causal-outputs/outputs-physionet-pfn-downsample/cate_estimation/LAT_NEUROLOGIC_DYSFUNCTION/LAT_NEUROLOGIC_DYSFUNCTION_cate.csv,f070526eb533074d40b360a0b42cf2cd26bad4ac05091d13373253b5c3aaad76,2276,,False,F-CATE-DIST-01,PENDING_HUMAN_SELECTION,PENDING_HUMAN_SELECTION,NO_NEW_SUBGROUP_EFFECTS,Patient-level CATE artifact inventoried; no new summary computed.
physionet,CausalPFN,outcome-downsampled,LAT_RENAL_DYSFUNCTION,patient_level_cate_distribution,final-results/causal-outputs/outputs-physionet-pfn-downsample/cate_estimation/LAT_RENAL_DYSFUNCTION/LAT_RENAL_DYSFUNCTION_cate.csv,d06b99d9656b3453ce20f84734d886104d5fd94752cf35cc6f1fb3cc6d0970bd,2276,,False,F-CATE-DIST-01,PENDING_HUMAN_SELECTION,PENDING_HUMAN_SELECTION,NO_NEW_SUBGROUP_EFFECTS,Patient-level CATE artifact inventoried; no new summary computed.
physionet,CausalPFN,outcome-downsampled,LAT_RESPIRATORY_FAILURE,patient_level_cate_distribution,final-results/causal-outputs/outputs-physionet-pfn-downsample/cate_estimation/LAT_RESPIRATORY_FAILURE/LAT_RESPIRATORY_FAILURE_cate.csv,f6539ad9255987f98d446dac5a718030044bceafe38447af84fef25508014e51,2276,,False,F-CATE-DIST-01,PENDING_HUMAN_SELECTION,PENDING_HUMAN_SELECTION,NO_NEW_SUBGROUP_EFFECTS,Patient-level CATE artifact inventoried; no new summary computed.
physionet,CausalPFN,outcome-downsampled,LAT_SHOCK,patient_level_cate_distribution,final-results/causal-outputs/outputs-physionet-pfn-downsample/cate_estimation/LAT_SHOCK/LAT_SHOCK_cate.csv,662bb2effe774f461f1609ec8ed9b400780df6d2dcfa7fbed2f18144286a38de,2276,,False,F-CATE-DIST-01,PENDING_HUMAN_SELECTION,PENDING_HUMAN_SELECTION,NO_NEW_SUBGROUP_EFFECTS,Patient-level CATE artifact inventoried; no new summary computed.
